"Proprietary Name","NDC Package Code","Strength","Dosage Form","Route","Appl. No.","Labeler Name","Product NDC","Nonproprietary Name","Substance Name","Product Type Name","Start Marketing Date","End Marketing Date","Market Category","Package Description","Pharm Class","DEA","Sample Package","Listing Record Certified Through:"
"Nabumetone","0115-1657-01","500 mg/1","TABLET, FILM COATED","ORAL","ANDA075189","Impax Generics","0115-1657","Nabumetone","NABUMETONE","HUMAN PRESCRIPTION DRUG","08/20/2001","N/A","ANDA","100 TABLET, FILM COATED in 1 BOTTLE (0115-1657-01)","Cyclooxygenase Inhibitors [MoA], Nonsteroidal Anti-inflammatory Compounds [Chemical/Ingredient], Nonsteroidal Anti-inflammatory Drug [EPC]","N/A","No","12/31/2018"
"Nabumetone","0115-1657-03","500 mg/1","TABLET, FILM COATED","ORAL","ANDA075189","Impax Generics","0115-1657","Nabumetone","NABUMETONE","HUMAN PRESCRIPTION DRUG","08/20/2001","N/A","ANDA","1000 TABLET, FILM COATED in 1 BOTTLE (0115-1657-03)","Cyclooxygenase Inhibitors [MoA], Nonsteroidal Anti-inflammatory Compounds [Chemical/Ingredient], Nonsteroidal Anti-inflammatory Drug [EPC]","N/A","No","12/31/2018"
"Nabumetone","0115-1658-01","750 mg/1","TABLET, FILM COATED","ORAL","ANDA075189","Impax Generics","0115-1658","Nabumetone","NABUMETONE","HUMAN PRESCRIPTION DRUG","09/26/2001","N/A","ANDA","100 TABLET, FILM COATED in 1 BOTTLE (0115-1658-01)","Cyclooxygenase Inhibitors [MoA], Nonsteroidal Anti-inflammatory Compounds [Chemical/Ingredient], Nonsteroidal Anti-inflammatory Drug [EPC]","N/A","No","12/31/2018"
"Nabumetone","0115-1658-03","750 mg/1","TABLET, FILM COATED","ORAL","ANDA075189","Impax Generics","0115-1658","Nabumetone","NABUMETONE","HUMAN PRESCRIPTION DRUG","09/26/2001","N/A","ANDA","1000 TABLET, FILM COATED in 1 BOTTLE (0115-1658-03)","Cyclooxygenase Inhibitors [MoA], Nonsteroidal Anti-inflammatory Compounds [Chemical/Ingredient], Nonsteroidal Anti-inflammatory Drug [EPC]","N/A","No","12/31/2018"
"Nabumetone","55111-486-01","500 mg/1","TABLET","ORAL","ANDA078420","Dr. Reddy's Laboratories Limited","55111-486","Nabumetone","NABUMETONE","HUMAN PRESCRIPTION DRUG","08/10/2015","N/A","ANDA","100 TABLET in 1 BOTTLE (55111-486-01)","Cyclooxygenase Inhibitors [MoA], Nonsteroidal Anti-inflammatory Compounds [Chemical/Ingredient], Nonsteroidal Anti-inflammatory Drug [EPC]","N/A","No","12/31/2018"
"Nabumetone","55111-486-05","500 mg/1","TABLET","ORAL","ANDA078420","Dr. Reddy's Laboratories Limited","55111-486","Nabumetone","NABUMETONE","HUMAN PRESCRIPTION DRUG","08/10/2015","N/A","ANDA","500 TABLET in 1 BOTTLE (55111-486-05)","Cyclooxygenase Inhibitors [MoA], Nonsteroidal Anti-inflammatory Compounds [Chemical/Ingredient], Nonsteroidal Anti-inflammatory Drug [EPC]","N/A","No","12/31/2018"
"Nabumetone","55111-486-30","500 mg/1","TABLET","ORAL","ANDA078420","Dr. Reddy's Laboratories Limited","55111-486","Nabumetone","NABUMETONE","HUMAN PRESCRIPTION DRUG","08/10/2015","N/A","ANDA","30 TABLET in 1 BOTTLE (55111-486-30)","Cyclooxygenase Inhibitors [MoA], Nonsteroidal Anti-inflammatory Compounds [Chemical/Ingredient], Nonsteroidal Anti-inflammatory Drug [EPC]","N/A","No","12/31/2018"
"Nabumetone","55111-486-60","500 mg/1","TABLET","ORAL","ANDA078420","Dr. Reddy's Laboratories Limited","55111-486","Nabumetone","NABUMETONE","HUMAN PRESCRIPTION DRUG","08/10/2015","N/A","ANDA","60 TABLET in 1 BOTTLE (55111-486-60)","Cyclooxygenase Inhibitors [MoA], Nonsteroidal Anti-inflammatory Compounds [Chemical/Ingredient], Nonsteroidal Anti-inflammatory Drug [EPC]","N/A","No","12/31/2018"
"Nabumetone","55111-486-78","500 mg/1","TABLET","ORAL","ANDA078420","Dr. Reddy's Laboratories Limited","55111-486","Nabumetone","NABUMETONE","HUMAN PRESCRIPTION DRUG","08/10/2015","N/A","ANDA","10 BLISTER PACK in 1 CARTON (55111-486-78)  > 10 TABLET in 1 BLISTER PACK","Cyclooxygenase Inhibitors [MoA], Nonsteroidal Anti-inflammatory Compounds [Chemical/Ingredient], Nonsteroidal Anti-inflammatory Drug [EPC]","N/A","No","12/31/2018"
"Nabumetone","55111-487-01","750 mg/1","TABLET","ORAL","ANDA078420","Dr. Reddy's Laboratories Limited","55111-487","Nabumetone","NABUMETONE","HUMAN PRESCRIPTION DRUG","08/10/2015","N/A","ANDA","100 TABLET in 1 BOTTLE (55111-487-01)","Cyclooxygenase Inhibitors [MoA], Nonsteroidal Anti-inflammatory Compounds [Chemical/Ingredient], Nonsteroidal Anti-inflammatory Drug [EPC]","N/A","No","12/31/2018"
"Nabumetone","55111-487-05","750 mg/1","TABLET","ORAL","ANDA078420","Dr. Reddy's Laboratories Limited","55111-487","Nabumetone","NABUMETONE","HUMAN PRESCRIPTION DRUG","08/10/2015","N/A","ANDA","500 TABLET in 1 BOTTLE (55111-487-05)","Cyclooxygenase Inhibitors [MoA], Nonsteroidal Anti-inflammatory Compounds [Chemical/Ingredient], Nonsteroidal Anti-inflammatory Drug [EPC]","N/A","No","12/31/2018"
"Nabumetone","55111-487-30","750 mg/1","TABLET","ORAL","ANDA078420","Dr. Reddy's Laboratories Limited","55111-487","Nabumetone","NABUMETONE","HUMAN PRESCRIPTION DRUG","08/10/2015","N/A","ANDA","30 TABLET in 1 BOTTLE (55111-487-30)","Cyclooxygenase Inhibitors [MoA], Nonsteroidal Anti-inflammatory Compounds [Chemical/Ingredient], Nonsteroidal Anti-inflammatory Drug [EPC]","N/A","No","12/31/2018"
"Nabumetone","55111-487-60","750 mg/1","TABLET","ORAL","ANDA078420","Dr. Reddy's Laboratories Limited","55111-487","Nabumetone","NABUMETONE","HUMAN PRESCRIPTION DRUG","08/10/2015","N/A","ANDA","60 TABLET in 1 BOTTLE (55111-487-60)","Cyclooxygenase Inhibitors [MoA], Nonsteroidal Anti-inflammatory Compounds [Chemical/Ingredient], Nonsteroidal Anti-inflammatory Drug [EPC]","N/A","No","12/31/2018"
"Nabumetone","55111-487-78","750 mg/1","TABLET","ORAL","ANDA078420","Dr. Reddy's Laboratories Limited","55111-487","Nabumetone","NABUMETONE","HUMAN PRESCRIPTION DRUG","08/10/2015","N/A","ANDA","10 BLISTER PACK in 1 CARTON (55111-487-78)  > 10 TABLET in 1 BLISTER PACK","Cyclooxygenase Inhibitors [MoA], Nonsteroidal Anti-inflammatory Compounds [Chemical/Ingredient], Nonsteroidal Anti-inflammatory Drug [EPC]","N/A","No","12/31/2018"
"Nabumetone","63187-378-30","750 mg/1","TABLET, FILM COATED","ORAL","ANDA078671","Proficient Rx LP","63187-378","Nabumetone","NABUMETONE","HUMAN PRESCRIPTION DRUG","03/01/2008","N/A","ANDA","30 TABLET, FILM COATED in 1 BOTTLE (63187-378-30)","Cyclooxygenase Inhibitors [MoA], Nonsteroidal Anti-inflammatory Compounds [Chemical/Ingredient], Nonsteroidal Anti-inflammatory Drug [EPC]","N/A","No","12/31/2018"
"Nabumetone","63187-378-60","750 mg/1","TABLET, FILM COATED","ORAL","ANDA078671","Proficient Rx LP","63187-378","Nabumetone","NABUMETONE","HUMAN PRESCRIPTION DRUG","03/01/2008","N/A","ANDA","60 TABLET, FILM COATED in 1 BOTTLE (63187-378-60)","Cyclooxygenase Inhibitors [MoA], Nonsteroidal Anti-inflammatory Compounds [Chemical/Ingredient], Nonsteroidal Anti-inflammatory Drug [EPC]","N/A","No","12/31/2018"
"Nabumetone","63187-378-90","750 mg/1","TABLET, FILM COATED","ORAL","ANDA078671","Proficient Rx LP","63187-378","Nabumetone","NABUMETONE","HUMAN PRESCRIPTION DRUG","03/01/2008","N/A","ANDA","90 TABLET, FILM COATED in 1 BOTTLE (63187-378-90)","Cyclooxygenase Inhibitors [MoA], Nonsteroidal Anti-inflammatory Compounds [Chemical/Ingredient], Nonsteroidal Anti-inflammatory Drug [EPC]","N/A","No","12/31/2018"
"Nabumetone","63187-484-30","500 mg/1","TABLET, FILM COATED","ORAL","ANDA078671","Proficient Rx LP","63187-484","Nabumetone","NABUMETONE","HUMAN PRESCRIPTION DRUG","03/01/2008","N/A","ANDA","30 TABLET, FILM COATED in 1 BOTTLE (63187-484-30)","Cyclooxygenase Inhibitors [MoA], Nonsteroidal Anti-inflammatory Compounds [Chemical/Ingredient], Nonsteroidal Anti-inflammatory Drug [EPC]","N/A","No","12/31/2018"
"Nabumetone","63187-484-60","500 mg/1","TABLET, FILM COATED","ORAL","ANDA078671","Proficient Rx LP","63187-484","Nabumetone","NABUMETONE","HUMAN PRESCRIPTION DRUG","03/01/2008","N/A","ANDA","60 TABLET, FILM COATED in 1 BOTTLE (63187-484-60)","Cyclooxygenase Inhibitors [MoA], Nonsteroidal Anti-inflammatory Compounds [Chemical/Ingredient], Nonsteroidal Anti-inflammatory Drug [EPC]","N/A","No","12/31/2018"
"Nabumetone","63187-484-90","500 mg/1","TABLET, FILM COATED","ORAL","ANDA078671","Proficient Rx LP","63187-484","Nabumetone","NABUMETONE","HUMAN PRESCRIPTION DRUG","03/01/2008","N/A","ANDA","90 TABLET, FILM COATED in 1 BOTTLE (63187-484-90)","Cyclooxygenase Inhibitors [MoA], Nonsteroidal Anti-inflammatory Compounds [Chemical/Ingredient], Nonsteroidal Anti-inflammatory Drug [EPC]","N/A","No","12/31/2018"
"Nabumetone","43063-859-40","750 mg/1","TABLET, FILM COATED","ORAL","ANDA075189","PD-Rx Pharmaceuticals, Inc.","43063-859","Nabumetone","NABUMETONE","HUMAN PRESCRIPTION DRUG","09/26/2001","N/A","ANDA","40 TABLET, FILM COATED in 1 BOTTLE, PLASTIC (43063-859-40)","Cyclooxygenase Inhibitors [MoA], Nonsteroidal Anti-inflammatory Compounds [Chemical/Ingredient], Nonsteroidal Anti-inflammatory Drug [EPC]","N/A","No","12/31/2019"
"Nabumetone","66267-482-14","500 mg/1","TABLET, FILM COATED","ORAL","ANDA078671","NuCare Pharmaceuticals, Inc.","66267-482","Nabumetone","NABUMETONE","HUMAN PRESCRIPTION DRUG","03/01/2008","N/A","ANDA","14 TABLET, FILM COATED in 1 BOTTLE (66267-482-14)","Cyclooxygenase Inhibitors [MoA], Nonsteroidal Anti-inflammatory Compounds [Chemical/Ingredient], Nonsteroidal Anti-inflammatory Drug [EPC]","N/A","No","12/31/2019"
"Nabumetone","66267-482-60","500 mg/1","TABLET, FILM COATED","ORAL","ANDA078671","NuCare Pharmaceuticals, Inc.","66267-482","Nabumetone","NABUMETONE","HUMAN PRESCRIPTION DRUG","03/01/2008","N/A","ANDA","60 TABLET, FILM COATED in 1 BOTTLE (66267-482-60)","Cyclooxygenase Inhibitors [MoA], Nonsteroidal Anti-inflammatory Compounds [Chemical/Ingredient], Nonsteroidal Anti-inflammatory Drug [EPC]","N/A","No","12/31/2019"
"Nabumetone","66267-482-03","500 mg/1","TABLET, FILM COATED","ORAL","ANDA078671","NuCare Pharmaceuticals,Inc.","66267-482","Nabumetone","NABUMETONE","HUMAN PRESCRIPTION DRUG","03/01/2008","N/A","ANDA","30 TABLET, FILM COATED in 1 BOTTLE (66267-482-03)","Cyclooxygenase Inhibitors [MoA], Nonsteroidal Anti-inflammatory Compounds [Chemical/Ingredient], Nonsteroidal Anti-inflammatory Drug [EPC]","N/A","No","12/31/2019"
"Nabumetone","66267-482-06","500 mg/1","TABLET, FILM COATED","ORAL","ANDA078671","NuCare Pharmaceuticals,Inc.","66267-482","Nabumetone","NABUMETONE","HUMAN PRESCRIPTION DRUG","03/01/2008","N/A","ANDA","60 TABLET, FILM COATED in 1 BOTTLE (66267-482-06)","Cyclooxygenase Inhibitors [MoA], Nonsteroidal Anti-inflammatory Compounds [Chemical/Ingredient], Nonsteroidal Anti-inflammatory Drug [EPC]","N/A","No","12/31/2019"
"Nabumetone","66267-482-09","500 mg/1","TABLET, FILM COATED","ORAL","ANDA078671","NuCare Pharmaceuticals,Inc.","66267-482","Nabumetone","NABUMETONE","HUMAN PRESCRIPTION DRUG","03/01/2008","N/A","ANDA","90 TABLET, FILM COATED in 1 BOTTLE (66267-482-09)","Cyclooxygenase Inhibitors [MoA], Nonsteroidal Anti-inflammatory Compounds [Chemical/Ingredient], Nonsteroidal Anti-inflammatory Drug [EPC]","N/A","No","12/31/2019"
"Nabumetone","66267-529-14","750 mg/1","TABLET, FILM COATED","ORAL","ANDA078671","NuCare Pharmaceuticals, Inc.","66267-529","Nabumetone","NABUMETONE","HUMAN PRESCRIPTION DRUG","03/01/2008","N/A","ANDA","14 TABLET, FILM COATED in 1 BOTTLE (66267-529-14)","Cyclooxygenase Inhibitors [MoA], Nonsteroidal Anti-inflammatory Compounds [Chemical/Ingredient], Nonsteroidal Anti-inflammatory Drug [EPC]","N/A","No","12/31/2019"
"Nabumetone","60760-185-20","750 mg/1","TABLET","ORAL","ANDA075280","St. Mary's Medical Park Pharmacy","60760-185","Nabumetone","NABUMETONE","HUMAN PRESCRIPTION DRUG","04/27/2018","N/A","ANDA","20 TABLET in 1 BOTTLE, PLASTIC (60760-185-20)","Cyclooxygenase Inhibitors [MoA], Nonsteroidal Anti-inflammatory Compounds [Chemical/Ingredient], Nonsteroidal Anti-inflammatory Drug [EPC]","N/A","No","12/31/2019"
"Nabumetone","60760-185-60","750 mg/1","TABLET","ORAL","ANDA075280","St. Mary's Medical Park Pharmacy","60760-185","Nabumetone","NABUMETONE","HUMAN PRESCRIPTION DRUG","04/27/2018","N/A","ANDA","60 TABLET in 1 BOTTLE, PLASTIC (60760-185-60)","Cyclooxygenase Inhibitors [MoA], Nonsteroidal Anti-inflammatory Compounds [Chemical/Ingredient], Nonsteroidal Anti-inflammatory Drug [EPC]","N/A","No","12/31/2019"
"Nabumetone","50090-3433-4","500 mg/1","TABLET, FILM COATED","ORAL","ANDA078671","A-S Medication Solutions","50090-3433","Nabumetone","NABUMETONE","HUMAN PRESCRIPTION DRUG","04/14/2015","N/A","ANDA","14 TABLET, FILM COATED in 1 BOTTLE (50090-3433-4)","Cyclooxygenase Inhibitors [MoA], Nonsteroidal Anti-inflammatory Compounds [Chemical/Ingredient], Nonsteroidal Anti-inflammatory Drug [EPC]","N/A","No","12/31/2019"
"Nabumetone","50090-3433-0","500 mg/1","TABLET, FILM COATED","ORAL","ANDA078671","A-S Medication Solutions","50090-3433","Nabumetone","NABUMETONE","HUMAN PRESCRIPTION DRUG","04/14/2015","N/A","ANDA","60 TABLET, FILM COATED in 1 BOTTLE (50090-3433-0)","Cyclooxygenase Inhibitors [MoA], Nonsteroidal Anti-inflammatory Compounds [Chemical/Ingredient], Nonsteroidal Anti-inflammatory Drug [EPC]","N/A","No","12/31/2019"
"Nabumetone","50090-0800-0","750 mg/1","TABLET, FILM COATED","ORAL","ANDA091083","A-S Medication Solutions","50090-0800","Nabumetone","NABUMETONE","HUMAN PRESCRIPTION DRUG","06/13/2011","N/A","ANDA","30 TABLET, FILM COATED in 1 BOTTLE (50090-0800-0)","Cyclooxygenase Inhibitors [MoA], Nonsteroidal Anti-inflammatory Compounds [Chemical/Ingredient], Nonsteroidal Anti-inflammatory Drug [EPC]","N/A","No","12/31/2019"
"Nabumetone","63629-7699-7","750 mg/1","TABLET, FILM COATED","ORAL","ANDA091083","Bryant Ranch Prepack","63629-7699","Nabumetone","NABUMETONE","HUMAN PRESCRIPTION DRUG","06/13/2011","N/A","ANDA","500 TABLET, FILM COATED in 1 BOTTLE (63629-7699-7)","Cyclooxygenase Inhibitors [MoA], Nonsteroidal Anti-inflammatory Compounds [Chemical/Ingredient], Nonsteroidal Anti-inflammatory Drug [EPC]","N/A","No","12/31/2019"
"Nabumetone","63629-7699-4","750 mg/1","TABLET, FILM COATED","ORAL","ANDA091083","Bryant Ranch Prepack","63629-7699","Nabumetone","NABUMETONE","HUMAN PRESCRIPTION DRUG","06/13/2011","N/A","ANDA","120 TABLET, FILM COATED in 1 BOTTLE (63629-7699-4)","Cyclooxygenase Inhibitors [MoA], Nonsteroidal Anti-inflammatory Compounds [Chemical/Ingredient], Nonsteroidal Anti-inflammatory Drug [EPC]","N/A","No","12/31/2019"
"Nabumetone","63629-7699-6","750 mg/1","TABLET, FILM COATED","ORAL","ANDA091083","Bryant Ranch Prepack","63629-7699","Nabumetone","NABUMETONE","HUMAN PRESCRIPTION DRUG","06/13/2011","N/A","ANDA","300 TABLET, FILM COATED in 1 BOTTLE (63629-7699-6)","Cyclooxygenase Inhibitors [MoA], Nonsteroidal Anti-inflammatory Compounds [Chemical/Ingredient], Nonsteroidal Anti-inflammatory Drug [EPC]","N/A","No","12/31/2019"
"Nabumetone","60760-696-20","750 mg/1","TABLET, FILM COATED","ORAL","ANDA078671","St. Mary's Medical Park Pharmacy","60760-696","Nabumetone","NABUMETONE","HUMAN PRESCRIPTION DRUG","03/01/2008","N/A","ANDA","20 TABLET, FILM COATED in 1 BOTTLE, PLASTIC (60760-696-20)","Cyclooxygenase Inhibitors [MoA], Nonsteroidal Anti-inflammatory Compounds [Chemical/Ingredient], Nonsteroidal Anti-inflammatory Drug [EPC]","N/A","No","12/31/2019"
"Nabumetone","63629-2682-0","750 mg/1","TABLET, FILM COATED","ORAL","ANDA078671","Bryant Ranch Prepack","63629-2682","Nabumetone","NABUMETONE","HUMAN PRESCRIPTION DRUG","03/01/2008","N/A","ANDA","7 TABLET, FILM COATED in 1 BOTTLE (63629-2682-0)","Cyclooxygenase Inhibitors [MoA], Nonsteroidal Anti-inflammatory Compounds [Chemical/Ingredient], Nonsteroidal Anti-inflammatory Drug [EPC]","N/A","No","12/31/2019"
"Nabumetone","60760-015-15","500 mg/1","TABLET, FILM COATED","ORAL","ANDA078671","St.Mary's Medical Park Pharmacy","60760-015","Nabumetone","NABUMETONE","HUMAN PRESCRIPTION DRUG","03/01/2008","N/A","ANDA","15 TABLET, FILM COATED in 1 BOTTLE, PLASTIC (60760-015-15)","Cyclooxygenase Inhibitors [MoA], Nonsteroidal Anti-inflammatory Compounds [Chemical/Ingredient], Nonsteroidal Anti-inflammatory Drug [EPC]","N/A","No","12/31/2019"
"Nabumetone","60760-015-60","500 mg/1","TABLET, FILM COATED","ORAL","ANDA078671","St.Mary's Medical Park Pharmacy","60760-015","Nabumetone","NABUMETONE","HUMAN PRESCRIPTION DRUG","03/01/2008","N/A","ANDA","60 TABLET, FILM COATED in 1 BOTTLE, PLASTIC (60760-015-60)","Cyclooxygenase Inhibitors [MoA], Nonsteroidal Anti-inflammatory Compounds [Chemical/Ingredient], Nonsteroidal Anti-inflammatory Drug [EPC]","N/A","No","12/31/2019"
"Nabumetone","60760-185-14","750 mg/1","TABLET","ORAL","ANDA075280","St. Mary's Medical Park Pharmacy","60760-185","Nabumetone","NABUMETONE","HUMAN PRESCRIPTION DRUG","04/27/2018","N/A","ANDA","14 TABLET in 1 BOTTLE, PLASTIC (60760-185-14)","Cyclooxygenase Inhibitors [MoA], Nonsteroidal Anti-inflammatory Compounds [Chemical/Ingredient], Nonsteroidal Anti-inflammatory Drug [EPC]","N/A","No","12/31/2019"
"Nabumetone","60760-696-90","750 mg/1","TABLET, FILM COATED","ORAL","ANDA078671","St. Mary's Medical Park Pharmacy","60760-696","Nabumetone","NABUMETONE","HUMAN PRESCRIPTION DRUG","03/01/2008","N/A","ANDA","90 TABLET, FILM COATED in 1 BOTTLE, PLASTIC (60760-696-90)","Cyclooxygenase Inhibitors [MoA], Nonsteroidal Anti-inflammatory Compounds [Chemical/Ingredient], Nonsteroidal Anti-inflammatory Drug [EPC]","N/A","No","12/31/2019"
"Nabumetone","68788-7220-1","500 mg/1","TABLET, FILM COATED","ORAL","ANDA091083","Preferred Pharmaceuticals Inc.","68788-7220","Nabumetone","NABUMETONE","HUMAN PRESCRIPTION DRUG","07/20/2018","N/A","ANDA","100 TABLET, FILM COATED in 1 BOTTLE, PLASTIC (68788-7220-1)","Cyclooxygenase Inhibitors [MoA], Nonsteroidal Anti-inflammatory Compounds [Chemical/Ingredient], Nonsteroidal Anti-inflammatory Drug [EPC]","N/A","No","12/31/2019"
"Nabumetone","68788-7220-2","500 mg/1","TABLET, FILM COATED","ORAL","ANDA091083","Preferred Pharmaceuticals Inc.","68788-7220","Nabumetone","NABUMETONE","HUMAN PRESCRIPTION DRUG","07/20/2018","N/A","ANDA","20 TABLET, FILM COATED in 1 BOTTLE, PLASTIC (68788-7220-2)","Cyclooxygenase Inhibitors [MoA], Nonsteroidal Anti-inflammatory Compounds [Chemical/Ingredient], Nonsteroidal Anti-inflammatory Drug [EPC]","N/A","No","12/31/2019"
"Nabumetone","68788-7220-9","500 mg/1","TABLET, FILM COATED","ORAL","ANDA091083","Preferred Pharmaceuticals Inc.","68788-7220","Nabumetone","NABUMETONE","HUMAN PRESCRIPTION DRUG","07/20/2018","N/A","ANDA","90 TABLET, FILM COATED in 1 BOTTLE, PLASTIC (68788-7220-9)","Cyclooxygenase Inhibitors [MoA], Nonsteroidal Anti-inflammatory Compounds [Chemical/Ingredient], Nonsteroidal Anti-inflammatory Drug [EPC]","N/A","No","12/31/2019"
"Nabumetone","71205-030-60","500 mg/1","TABLET, FILM COATED","ORAL","ANDA091083","Proficient Rx LP","71205-030","Nabumetone","NABUMETONE","HUMAN PRESCRIPTION DRUG","06/13/2011","N/A","ANDA","60 TABLET, FILM COATED in 1 BOTTLE, PLASTIC (71205-030-60)","Cyclooxygenase Inhibitors [MoA], Nonsteroidal Anti-inflammatory Compounds [Chemical/Ingredient], Nonsteroidal Anti-inflammatory Drug [EPC]","N/A","No","12/31/2019"
"Nabumetone","71205-030-90","500 mg/1","TABLET, FILM COATED","ORAL","ANDA091083","Proficient Rx LP","71205-030","Nabumetone","NABUMETONE","HUMAN PRESCRIPTION DRUG","06/13/2011","N/A","ANDA","90 TABLET, FILM COATED in 1 BOTTLE, PLASTIC (71205-030-90)","Cyclooxygenase Inhibitors [MoA], Nonsteroidal Anti-inflammatory Compounds [Chemical/Ingredient], Nonsteroidal Anti-inflammatory Drug [EPC]","N/A","No","12/31/2019"
"Nabumetone","45865-351-51","750 mg/1","TABLET, FILM COATED","ORAL","ANDA078671","Medsource Pharmaceuticals","45865-351","Nabumetone","NABUMETONE","HUMAN PRESCRIPTION DRUG","03/01/2008","N/A","ANDA","120 TABLET, FILM COATED in 1 BOTTLE (45865-351-51)","Cyclooxygenase Inhibitors [MoA], Nonsteroidal Anti-inflammatory Compounds [Chemical/Ingredient], Nonsteroidal Anti-inflammatory Drug [EPC]","N/A","No","12/31/2018"
"Nabumetone","45865-351-60","750 mg/1","TABLET, FILM COATED","ORAL","ANDA078671","Medsource Pharmaceuticals","45865-351","Nabumetone","NABUMETONE","HUMAN PRESCRIPTION DRUG","03/01/2008","N/A","ANDA","60 TABLET, FILM COATED in 1 BOTTLE (45865-351-60)","Cyclooxygenase Inhibitors [MoA], Nonsteroidal Anti-inflammatory Compounds [Chemical/Ingredient], Nonsteroidal Anti-inflammatory Drug [EPC]","N/A","No","12/31/2018"
"Nabumetone","68180-141-01","500 mg/1","TABLET, FILM COATED","ORAL","ANDA090445","Lupin Pharmaceuticals, Inc.","68180-141","nabumetone","NABUMETONE","HUMAN PRESCRIPTION DRUG","08/27/2012","N/A","ANDA","100 TABLET, FILM COATED in 1 BOTTLE (68180-141-01)","Cyclooxygenase Inhibitors [MoA], Nonsteroidal Anti-inflammatory Compounds [Chemical/Ingredient], Nonsteroidal Anti-inflammatory Drug [EPC]","N/A","No","12/31/2018"
"Nabumetone","68180-141-03","500 mg/1","TABLET, FILM COATED","ORAL","ANDA090445","Lupin Pharmaceuticals, Inc.","68180-141","nabumetone","NABUMETONE","HUMAN PRESCRIPTION DRUG","08/27/2012","N/A","ANDA","1000 TABLET, FILM COATED in 1 BOTTLE (68180-141-03)","Cyclooxygenase Inhibitors [MoA], Nonsteroidal Anti-inflammatory Compounds [Chemical/Ingredient], Nonsteroidal Anti-inflammatory Drug [EPC]","N/A","No","12/31/2018"
"Nabumetone","68180-142-01","750 mg/1","TABLET, FILM COATED","ORAL","ANDA090445","Lupin Pharmaceuticals, Inc.","68180-142","nabumetone","NABUMETONE","HUMAN PRESCRIPTION DRUG","08/27/2012","N/A","ANDA","100 TABLET, FILM COATED in 1 BOTTLE (68180-142-01)","Cyclooxygenase Inhibitors [MoA], Nonsteroidal Anti-inflammatory Compounds [Chemical/Ingredient], Nonsteroidal Anti-inflammatory Drug [EPC]","N/A","No","12/31/2018"
"Nabumetone","0615-7630-39","750 mg/1","TABLET, FILM COATED","ORAL","ANDA078671","NCS HealthCare of KY, Inc dba Vangard Labs","0615-7630","nabumetone","NABUMETONE","HUMAN PRESCRIPTION DRUG","03/01/2008","N/A","ANDA","30 TABLET, FILM COATED in 1 BLISTER PACK (0615-7630-39)","Cyclooxygenase Inhibitors [MoA], Nonsteroidal Anti-inflammatory Compounds [Chemical/Ingredient], Nonsteroidal Anti-inflammatory Drug [EPC]","N/A","No","12/31/2018"
"Nabumetone","0615-7645-39","500 mg/1","TABLET, FILM COATED","ORAL","ANDA078671","NCS HealthCare of KY, Inc dba Vangard Labs","0615-7645","nabumetone","NABUMETONE","HUMAN PRESCRIPTION DRUG","03/01/2008","N/A","ANDA","30 TABLET, FILM COATED in 1 BLISTER PACK (0615-7645-39)","Cyclooxygenase Inhibitors [MoA], Nonsteroidal Anti-inflammatory Compounds [Chemical/Ingredient], Nonsteroidal Anti-inflammatory Drug [EPC]","N/A","No","12/31/2018"
"Nabumetone","0615-7666-39","500 mg/1","TABLET, FILM COATED","ORAL","ANDA075189","NCS HealthCare of KY, Inc dba Vangard Labs","0615-7666","Nabumetone","NABUMETONE","HUMAN PRESCRIPTION DRUG","01/22/2010","N/A","ANDA","30 TABLET, FILM COATED in 1 BLISTER PACK (0615-7666-39)","Cyclooxygenase Inhibitors [MoA], Nonsteroidal Anti-inflammatory Compounds [Chemical/Ingredient], Nonsteroidal Anti-inflammatory Drug [EPC]","N/A","No","12/31/2018"
"Nabumetone","0615-7667-39","750 mg/1","TABLET, FILM COATED","ORAL","ANDA075189","NCS HealthCare of KY, Inc dba Vangard Labs","0615-7667","Nabumetone","NABUMETONE","HUMAN PRESCRIPTION DRUG","01/22/2010","N/A","ANDA","30 TABLET, FILM COATED in 1 BLISTER PACK (0615-7667-39)","Cyclooxygenase Inhibitors [MoA], Nonsteroidal Anti-inflammatory Compounds [Chemical/Ingredient], Nonsteroidal Anti-inflammatory Drug [EPC]","N/A","No","12/31/2018"
"Nabumetone","0591-3670-01","500 mg/1","TABLET, FILM COATED","ORAL","ANDA091083","Actavis Pharma, Inc.","0591-3670","Nabumetone","NABUMETONE","HUMAN PRESCRIPTION DRUG","06/13/2011","N/A","ANDA","100 TABLET, FILM COATED in 1 BOTTLE, PLASTIC (0591-3670-01)","Cyclooxygenase Inhibitors [MoA], Nonsteroidal Anti-inflammatory Compounds [Chemical/Ingredient], Nonsteroidal Anti-inflammatory Drug [EPC]","N/A","No","12/31/2018"
"Nabumetone","0591-3670-05","500 mg/1","TABLET, FILM COATED","ORAL","ANDA091083","Actavis Pharma, Inc.","0591-3670","Nabumetone","NABUMETONE","HUMAN PRESCRIPTION DRUG","06/13/2011","N/A","ANDA","500 TABLET, FILM COATED in 1 BOTTLE, PLASTIC (0591-3670-05)","Cyclooxygenase Inhibitors [MoA], Nonsteroidal Anti-inflammatory Compounds [Chemical/Ingredient], Nonsteroidal Anti-inflammatory Drug [EPC]","N/A","No","12/31/2018"
"Nabumetone","0591-3670-10","500 mg/1","TABLET, FILM COATED","ORAL","ANDA091083","Actavis Pharma, Inc.","0591-3670","Nabumetone","NABUMETONE","HUMAN PRESCRIPTION DRUG","06/13/2011","N/A","ANDA","1000 TABLET, FILM COATED in 1 BOTTLE, PLASTIC (0591-3670-10)","Cyclooxygenase Inhibitors [MoA], Nonsteroidal Anti-inflammatory Compounds [Chemical/Ingredient], Nonsteroidal Anti-inflammatory Drug [EPC]","N/A","No","12/31/2018"
"Nabumetone","68788-9908-1","500 mg/1","TABLET, FILM COATED","ORAL","ANDA078671","Preferred Pharmaceuticals, Inc.","68788-9908","Nabumetone","NABUMETONE","HUMAN PRESCRIPTION DRUG","01/30/2012","N/A","ANDA","100 TABLET, FILM COATED in 1 BOTTLE (68788-9908-1)","Cyclooxygenase Inhibitors [MoA], Nonsteroidal Anti-inflammatory Compounds [Chemical/Ingredient], Nonsteroidal Anti-inflammatory Drug [EPC]","N/A","No","12/31/2018"
"Nabumetone","68788-9908-2","500 mg/1","TABLET, FILM COATED","ORAL","ANDA078671","Preferred Pharmaceuticals, Inc.","68788-9908","Nabumetone","NABUMETONE","HUMAN PRESCRIPTION DRUG","01/30/2012","N/A","ANDA","20 TABLET, FILM COATED in 1 BOTTLE (68788-9908-2)","Cyclooxygenase Inhibitors [MoA], Nonsteroidal Anti-inflammatory Compounds [Chemical/Ingredient], Nonsteroidal Anti-inflammatory Drug [EPC]","N/A","No","12/31/2018"
"Nabumetone","68788-9908-3","500 mg/1","TABLET, FILM COATED","ORAL","ANDA078671","Preferred Pharmaceuticals, Inc.","68788-9908","Nabumetone","NABUMETONE","HUMAN PRESCRIPTION DRUG","01/30/2012","N/A","ANDA","30 TABLET, FILM COATED in 1 BOTTLE (68788-9908-3)","Cyclooxygenase Inhibitors [MoA], Nonsteroidal Anti-inflammatory Compounds [Chemical/Ingredient], Nonsteroidal Anti-inflammatory Drug [EPC]","N/A","No","12/31/2018"
"Nabumetone","68788-9908-6","500 mg/1","TABLET, FILM COATED","ORAL","ANDA078671","Preferred Pharmaceuticals, Inc.","68788-9908","Nabumetone","NABUMETONE","HUMAN PRESCRIPTION DRUG","01/30/2012","N/A","ANDA","60 TABLET, FILM COATED in 1 BOTTLE (68788-9908-6)","Cyclooxygenase Inhibitors [MoA], Nonsteroidal Anti-inflammatory Compounds [Chemical/Ingredient], Nonsteroidal Anti-inflammatory Drug [EPC]","N/A","No","12/31/2018"
"Nabumetone","68788-9908-8","500 mg/1","TABLET, FILM COATED","ORAL","ANDA078671","Preferred Pharmaceuticals, Inc.","68788-9908","Nabumetone","NABUMETONE","HUMAN PRESCRIPTION DRUG","01/30/2012","N/A","ANDA","120 TABLET, FILM COATED in 1 BOTTLE (68788-9908-8)","Cyclooxygenase Inhibitors [MoA], Nonsteroidal Anti-inflammatory Compounds [Chemical/Ingredient], Nonsteroidal Anti-inflammatory Drug [EPC]","N/A","No","12/31/2018"
"Nabumetone","68788-9908-9","500 mg/1","TABLET, FILM COATED","ORAL","ANDA078671","Preferred Pharmaceuticals, Inc.","68788-9908","Nabumetone","NABUMETONE","HUMAN PRESCRIPTION DRUG","01/30/2012","N/A","ANDA","90 TABLET, FILM COATED in 1 BOTTLE (68788-9908-9)","Cyclooxygenase Inhibitors [MoA], Nonsteroidal Anti-inflammatory Compounds [Chemical/Ingredient], Nonsteroidal Anti-inflammatory Drug [EPC]","N/A","No","12/31/2018"
"Nabumetone","68788-9909-1","750 mg/1","TABLET, FILM COATED","ORAL","ANDA078671","Preferred Pharmaceuticals, Inc.","68788-9909","Nabumetone","NABUMETONE","HUMAN PRESCRIPTION DRUG","01/30/2012","N/A","ANDA","100 TABLET, FILM COATED in 1 BOTTLE (68788-9909-1)","Cyclooxygenase Inhibitors [MoA], Nonsteroidal Anti-inflammatory Compounds [Chemical/Ingredient], Nonsteroidal Anti-inflammatory Drug [EPC]","N/A","No","12/31/2018"
"Nabumetone","68788-9909-2","750 mg/1","TABLET, FILM COATED","ORAL","ANDA078671","Preferred Pharmaceuticals, Inc.","68788-9909","Nabumetone","NABUMETONE","HUMAN PRESCRIPTION DRUG","01/30/2012","N/A","ANDA","20 TABLET, FILM COATED in 1 BOTTLE (68788-9909-2)","Cyclooxygenase Inhibitors [MoA], Nonsteroidal Anti-inflammatory Compounds [Chemical/Ingredient], Nonsteroidal Anti-inflammatory Drug [EPC]","N/A","No","12/31/2018"
"Nabumetone","68788-9909-3","750 mg/1","TABLET, FILM COATED","ORAL","ANDA078671","Preferred Pharmaceuticals, Inc.","68788-9909","Nabumetone","NABUMETONE","HUMAN PRESCRIPTION DRUG","01/30/2012","N/A","ANDA","30 TABLET, FILM COATED in 1 BOTTLE (68788-9909-3)","Cyclooxygenase Inhibitors [MoA], Nonsteroidal Anti-inflammatory Compounds [Chemical/Ingredient], Nonsteroidal Anti-inflammatory Drug [EPC]","N/A","No","12/31/2018"
"Nabumetone","68788-9909-6","750 mg/1","TABLET, FILM COATED","ORAL","ANDA078671","Preferred Pharmaceuticals, Inc.","68788-9909","Nabumetone","NABUMETONE","HUMAN PRESCRIPTION DRUG","01/30/2012","N/A","ANDA","60 TABLET, FILM COATED in 1 BOTTLE (68788-9909-6)","Cyclooxygenase Inhibitors [MoA], Nonsteroidal Anti-inflammatory Compounds [Chemical/Ingredient], Nonsteroidal Anti-inflammatory Drug [EPC]","N/A","No","12/31/2018"
"Nabumetone","68788-9909-8","750 mg/1","TABLET, FILM COATED","ORAL","ANDA078671","Preferred Pharmaceuticals, Inc.","68788-9909","Nabumetone","NABUMETONE","HUMAN PRESCRIPTION DRUG","01/30/2012","N/A","ANDA","120 TABLET, FILM COATED in 1 BOTTLE (68788-9909-8)","Cyclooxygenase Inhibitors [MoA], Nonsteroidal Anti-inflammatory Compounds [Chemical/Ingredient], Nonsteroidal Anti-inflammatory Drug [EPC]","N/A","No","12/31/2018"
"Nabumetone","68788-9909-9","750 mg/1","TABLET, FILM COATED","ORAL","ANDA078671","Preferred Pharmaceuticals, Inc.","68788-9909","Nabumetone","NABUMETONE","HUMAN PRESCRIPTION DRUG","01/30/2012","N/A","ANDA","90 TABLET, FILM COATED in 1 BOTTLE (68788-9909-9)","Cyclooxygenase Inhibitors [MoA], Nonsteroidal Anti-inflammatory Compounds [Chemical/Ingredient], Nonsteroidal Anti-inflammatory Drug [EPC]","N/A","No","12/31/2018"
"Nabumetone","68462-358-01","500 mg/1","TABLET, FILM COATED","ORAL","ANDA078671","Glenmark Pharmaceuticals Inc., USA","68462-358","Nabumetone","NABUMETONE","HUMAN PRESCRIPTION DRUG","03/01/2008","N/A","ANDA","100 TABLET, FILM COATED in 1 BOTTLE (68462-358-01)","Cyclooxygenase Inhibitors [MoA], Nonsteroidal Anti-inflammatory Compounds [Chemical/Ingredient], Nonsteroidal Anti-inflammatory Drug [EPC]","N/A","No","12/31/2018"
"Nabumetone","68462-358-05","500 mg/1","TABLET, FILM COATED","ORAL","ANDA078671","Glenmark Pharmaceuticals Inc., USA","68462-358","Nabumetone","NABUMETONE","HUMAN PRESCRIPTION DRUG","03/01/2008","N/A","ANDA","500 TABLET, FILM COATED in 1 BOTTLE (68462-358-05)","Cyclooxygenase Inhibitors [MoA], Nonsteroidal Anti-inflammatory Compounds [Chemical/Ingredient], Nonsteroidal Anti-inflammatory Drug [EPC]","N/A","No","12/31/2018"
"Nabumetone","68788-7220-3","500 mg/1","TABLET, FILM COATED","ORAL","ANDA091083","Preferred Pharmaceuticals Inc.","68788-7220","Nabumetone","NABUMETONE","HUMAN PRESCRIPTION DRUG","07/20/2018","N/A","ANDA","30 TABLET, FILM COATED in 1 BOTTLE, PLASTIC (68788-7220-3)","Cyclooxygenase Inhibitors [MoA], Nonsteroidal Anti-inflammatory Compounds [Chemical/Ingredient], Nonsteroidal Anti-inflammatory Drug [EPC]","N/A","No","12/31/2019"
"Nabumetone","0440-5843-30","500 mg/1","TABLET, FILM COATED","ORAL","ANDA078671","Liberty Pharmaceuticals, Inc.","0440-5843","Nabumetone","NABUMETONE","HUMAN PRESCRIPTION DRUG","04/14/2015","N/A","ANDA","30 TABLET, FILM COATED in 1 BOTTLE (0440-5843-30)","Cyclooxygenase Inhibitors [MoA], Nonsteroidal Anti-inflammatory Compounds [Chemical/Ingredient], Nonsteroidal Anti-inflammatory Drug [EPC]","N/A","No","12/31/2018"
"Nabumetone","0440-5843-81","500 mg/1","TABLET, FILM COATED","ORAL","ANDA078671","Liberty Pharmaceuticals, Inc.","0440-5843","Nabumetone","NABUMETONE","HUMAN PRESCRIPTION DRUG","04/14/2015","N/A","ANDA","300 TABLET, FILM COATED in 1 BOTTLE (0440-5843-81)","Cyclooxygenase Inhibitors [MoA], Nonsteroidal Anti-inflammatory Compounds [Chemical/Ingredient], Nonsteroidal Anti-inflammatory Drug [EPC]","N/A","No","12/31/2018"
"Nabumetone","0440-5843-90","500 mg/1","TABLET, FILM COATED","ORAL","ANDA078671","Liberty Pharmaceuticals, Inc.","0440-5843","Nabumetone","NABUMETONE","HUMAN PRESCRIPTION DRUG","04/14/2015","N/A","ANDA","90 TABLET, FILM COATED in 1 BOTTLE (0440-5843-90)","Cyclooxygenase Inhibitors [MoA], Nonsteroidal Anti-inflammatory Compounds [Chemical/Ingredient], Nonsteroidal Anti-inflammatory Drug [EPC]","N/A","No","12/31/2018"
"Nabumetone","0440-5843-92","500 mg/1","TABLET, FILM COATED","ORAL","ANDA078671","Liberty Pharmaceuticals, Inc.","0440-5843","Nabumetone","NABUMETONE","HUMAN PRESCRIPTION DRUG","04/14/2015","N/A","ANDA","180 TABLET, FILM COATED in 1 BOTTLE (0440-5843-92)","Cyclooxygenase Inhibitors [MoA], Nonsteroidal Anti-inflammatory Compounds [Chemical/Ingredient], Nonsteroidal Anti-inflammatory Drug [EPC]","N/A","No","12/31/2018"
"Nabumetone","0440-5843-93","500 mg/1","TABLET, FILM COATED","ORAL","ANDA078671","Liberty Pharmaceuticals, Inc.","0440-5843","Nabumetone","NABUMETONE","HUMAN PRESCRIPTION DRUG","04/14/2015","N/A","ANDA","240 TABLET, FILM COATED in 1 BOTTLE (0440-5843-93)","Cyclooxygenase Inhibitors [MoA], Nonsteroidal Anti-inflammatory Compounds [Chemical/Ingredient], Nonsteroidal Anti-inflammatory Drug [EPC]","N/A","No","12/31/2018"
"Nabumetone","0440-5843-95","500 mg/1","TABLET, FILM COATED","ORAL","ANDA078671","Liberty Pharmaceuticals, Inc.","0440-5843","Nabumetone","NABUMETONE","HUMAN PRESCRIPTION DRUG","04/14/2015","N/A","ANDA","360 TABLET, FILM COATED in 1 BOTTLE (0440-5843-95)","Cyclooxygenase Inhibitors [MoA], Nonsteroidal Anti-inflammatory Compounds [Chemical/Ingredient], Nonsteroidal Anti-inflammatory Drug [EPC]","N/A","No","12/31/2018"
"Nabumetone","0440-5844-05","750 mg/1","TABLET, FILM COATED","ORAL","ANDA078671","Liberty Pharmaceuticals, Inc.","0440-5844","Nabumetone","NABUMETONE","HUMAN PRESCRIPTION DRUG","04/14/2015","N/A","ANDA","500 TABLET, FILM COATED in 1 BOTTLE (0440-5844-05)","Cyclooxygenase Inhibitors [MoA], Nonsteroidal Anti-inflammatory Compounds [Chemical/Ingredient], Nonsteroidal Anti-inflammatory Drug [EPC]","N/A","No","12/31/2018"
"Nabumetone","0440-5844-30","750 mg/1","TABLET, FILM COATED","ORAL","ANDA078671","Liberty Pharmaceuticals, Inc.","0440-5844","Nabumetone","NABUMETONE","HUMAN PRESCRIPTION DRUG","04/14/2015","N/A","ANDA","30 TABLET, FILM COATED in 1 BOTTLE (0440-5844-30)","Cyclooxygenase Inhibitors [MoA], Nonsteroidal Anti-inflammatory Compounds [Chemical/Ingredient], Nonsteroidal Anti-inflammatory Drug [EPC]","N/A","No","12/31/2018"
"Nabumetone","0440-5844-81","750 mg/1","TABLET, FILM COATED","ORAL","ANDA078671","Liberty Pharmaceuticals, Inc.","0440-5844","Nabumetone","NABUMETONE","HUMAN PRESCRIPTION DRUG","04/14/2015","N/A","ANDA","300 TABLET, FILM COATED in 1 BOTTLE (0440-5844-81)","Cyclooxygenase Inhibitors [MoA], Nonsteroidal Anti-inflammatory Compounds [Chemical/Ingredient], Nonsteroidal Anti-inflammatory Drug [EPC]","N/A","No","12/31/2018"
"Nabumetone","0440-5844-90","750 mg/1","TABLET, FILM COATED","ORAL","ANDA078671","Liberty Pharmaceuticals, Inc.","0440-5844","Nabumetone","NABUMETONE","HUMAN PRESCRIPTION DRUG","04/14/2015","N/A","ANDA","90 TABLET, FILM COATED in 1 BOTTLE (0440-5844-90)","Cyclooxygenase Inhibitors [MoA], Nonsteroidal Anti-inflammatory Compounds [Chemical/Ingredient], Nonsteroidal Anti-inflammatory Drug [EPC]","N/A","No","12/31/2018"
"Nabumetone","0440-5844-91","750 mg/1","TABLET, FILM COATED","ORAL","ANDA078671","Liberty Pharmaceuticals, Inc.","0440-5844","Nabumetone","NABUMETONE","HUMAN PRESCRIPTION DRUG","04/14/2015","N/A","ANDA","120 TABLET, FILM COATED in 1 BOTTLE (0440-5844-91)","Cyclooxygenase Inhibitors [MoA], Nonsteroidal Anti-inflammatory Compounds [Chemical/Ingredient], Nonsteroidal Anti-inflammatory Drug [EPC]","N/A","No","12/31/2018"
"Nabumetone","0440-5844-92","750 mg/1","TABLET, FILM COATED","ORAL","ANDA078671","Liberty Pharmaceuticals, Inc.","0440-5844","Nabumetone","NABUMETONE","HUMAN PRESCRIPTION DRUG","04/14/2015","N/A","ANDA","180 TABLET, FILM COATED in 1 BOTTLE (0440-5844-92)","Cyclooxygenase Inhibitors [MoA], Nonsteroidal Anti-inflammatory Compounds [Chemical/Ingredient], Nonsteroidal Anti-inflammatory Drug [EPC]","N/A","No","12/31/2018"
"Nabumetone","0591-3671-01","750 mg/1","TABLET, FILM COATED","ORAL","ANDA091083","Actavis Pharma, Inc.","0591-3671","Nabumetone","NABUMETONE","HUMAN PRESCRIPTION DRUG","06/13/2011","N/A","ANDA","100 TABLET, FILM COATED in 1 BOTTLE, PLASTIC (0591-3671-01)","Cyclooxygenase Inhibitors [MoA], Nonsteroidal Anti-inflammatory Compounds [Chemical/Ingredient], Nonsteroidal Anti-inflammatory Drug [EPC]","N/A","No","12/31/2018"
"Nabumetone","0591-3671-05","750 mg/1","TABLET, FILM COATED","ORAL","ANDA091083","Actavis Pharma, Inc.","0591-3671","Nabumetone","NABUMETONE","HUMAN PRESCRIPTION DRUG","06/13/2011","N/A","ANDA","500 TABLET, FILM COATED in 1 BOTTLE, PLASTIC (0591-3671-05)","Cyclooxygenase Inhibitors [MoA], Nonsteroidal Anti-inflammatory Compounds [Chemical/Ingredient], Nonsteroidal Anti-inflammatory Drug [EPC]","N/A","No","12/31/2018"
"Nabumetone","0591-3671-10","750 mg/1","TABLET, FILM COATED","ORAL","ANDA091083","Actavis Pharma, Inc.","0591-3671","Nabumetone","NABUMETONE","HUMAN PRESCRIPTION DRUG","06/13/2011","N/A","ANDA","1000 TABLET, FILM COATED in 1 BOTTLE, PLASTIC (0591-3671-10)","Cyclooxygenase Inhibitors [MoA], Nonsteroidal Anti-inflammatory Compounds [Chemical/Ingredient], Nonsteroidal Anti-inflammatory Drug [EPC]","N/A","No","12/31/2018"
"Nabumetone","50436-6046-1","500 mg/1","TABLET, FILM COATED","ORAL","ANDA078671","Unit Dose Services","50436-6046","Nabumetone","NABUMETONE","HUMAN PRESCRIPTION DRUG","03/01/2008","N/A","ANDA","30 TABLET, FILM COATED in 1 BOTTLE (50436-6046-1)","Cyclooxygenase Inhibitors [MoA], Nonsteroidal Anti-inflammatory Compounds [Chemical/Ingredient], Nonsteroidal Anti-inflammatory Drug [EPC]","N/A","No","12/31/2018"
"Nabumetone","50436-6046-2","500 mg/1","TABLET, FILM COATED","ORAL","ANDA078671","Unit Dose Services","50436-6046","Nabumetone","NABUMETONE","HUMAN PRESCRIPTION DRUG","03/01/2008","N/A","ANDA","60 TABLET, FILM COATED in 1 BOTTLE (50436-6046-2)","Cyclooxygenase Inhibitors [MoA], Nonsteroidal Anti-inflammatory Compounds [Chemical/Ingredient], Nonsteroidal Anti-inflammatory Drug [EPC]","N/A","No","12/31/2018"
"Nabumetone","50436-6334-2","750 mg/1","TABLET, FILM COATED","ORAL","ANDA078671","Unit Dose Services","50436-6334","Nabumetone","NABUMETONE","HUMAN PRESCRIPTION DRUG","03/01/2008","N/A","ANDA","60 TABLET, FILM COATED in 1 BOTTLE (50436-6334-2)","Cyclooxygenase Inhibitors [MoA], Nonsteroidal Anti-inflammatory Compounds [Chemical/Ingredient], Nonsteroidal Anti-inflammatory Drug [EPC]","N/A","No","12/31/2018"
"Nabumetone","50090-1531-0","500 mg/1","TABLET, FILM COATED","ORAL","ANDA078671","A-S Medication Solutions","50090-1531","Nabumetone","NABUMETONE","HUMAN PRESCRIPTION DRUG","03/01/2008","N/A","ANDA","60 TABLET, FILM COATED in 1 BOTTLE (50090-1531-0)","Cyclooxygenase Inhibitors [MoA], Nonsteroidal Anti-inflammatory Compounds [Chemical/Ingredient], Nonsteroidal Anti-inflammatory Drug [EPC]","N/A","No","12/31/2019"
"Nabumetone","63629-7699-3","750 mg/1","TABLET, FILM COATED","ORAL","ANDA091083","Bryant Ranch Prepack","63629-7699","Nabumetone","NABUMETONE","HUMAN PRESCRIPTION DRUG","06/13/2011","N/A","ANDA","90 TABLET, FILM COATED in 1 BOTTLE (63629-7699-3)","Cyclooxygenase Inhibitors [MoA], Nonsteroidal Anti-inflammatory Compounds [Chemical/Ingredient], Nonsteroidal Anti-inflammatory Drug [EPC]","N/A","No","12/31/2019"
"Nabumetone","63629-7699-5","750 mg/1","TABLET, FILM COATED","ORAL","ANDA091083","Bryant Ranch Prepack","63629-7699","Nabumetone","NABUMETONE","HUMAN PRESCRIPTION DRUG","06/13/2011","N/A","ANDA","180 TABLET, FILM COATED in 1 BOTTLE (63629-7699-5)","Cyclooxygenase Inhibitors [MoA], Nonsteroidal Anti-inflammatory Compounds [Chemical/Ingredient], Nonsteroidal Anti-inflammatory Drug [EPC]","N/A","No","12/31/2019"
"Nabumetone","68151-0574-0","500 mg/1","TABLET, FILM COATED","ORAL","ANDA091083","Carilion Materials Management","68151-0574","Nabumetone","NABUMETONE","HUMAN PRESCRIPTION DRUG","06/13/2011","N/A","ANDA","1 TABLET, FILM COATED in 1 PACKAGE (68151-0574-0)","Cyclooxygenase Inhibitors [MoA], Nonsteroidal Anti-inflammatory Compounds [Chemical/Ingredient], Nonsteroidal Anti-inflammatory Drug [EPC]","N/A","No","12/31/2018"
"Nabumetone","63629-2682-1","750 mg/1","TABLET, FILM COATED","ORAL","ANDA078671","Bryant Ranch Prepack","63629-2682","Nabumetone","NABUMETONE","HUMAN PRESCRIPTION DRUG","03/01/2008","N/A","ANDA","60 TABLET, FILM COATED in 1 BOTTLE (63629-2682-1)","Cyclooxygenase Inhibitors [MoA], Nonsteroidal Anti-inflammatory Compounds [Chemical/Ingredient], Nonsteroidal Anti-inflammatory Drug [EPC]","N/A","No","12/31/2019"
"Nabumetone","63629-2682-2","750 mg/1","TABLET, FILM COATED","ORAL","ANDA078671","Bryant Ranch Prepack","63629-2682","Nabumetone","NABUMETONE","HUMAN PRESCRIPTION DRUG","03/01/2008","N/A","ANDA","90 TABLET, FILM COATED in 1 BOTTLE (63629-2682-2)","Cyclooxygenase Inhibitors [MoA], Nonsteroidal Anti-inflammatory Compounds [Chemical/Ingredient], Nonsteroidal Anti-inflammatory Drug [EPC]","N/A","No","12/31/2019"
"Nabumetone","63629-2682-3","750 mg/1","TABLET, FILM COATED","ORAL","ANDA078671","Bryant Ranch Prepack","63629-2682","Nabumetone","NABUMETONE","HUMAN PRESCRIPTION DRUG","03/01/2008","N/A","ANDA","30 TABLET, FILM COATED in 1 BOTTLE (63629-2682-3)","Cyclooxygenase Inhibitors [MoA], Nonsteroidal Anti-inflammatory Compounds [Chemical/Ingredient], Nonsteroidal Anti-inflammatory Drug [EPC]","N/A","No","12/31/2019"
"Nabumetone","63629-2682-4","750 mg/1","TABLET, FILM COATED","ORAL","ANDA078671","Bryant Ranch Prepack","63629-2682","Nabumetone","NABUMETONE","HUMAN PRESCRIPTION DRUG","03/01/2008","N/A","ANDA","20 TABLET, FILM COATED in 1 BOTTLE (63629-2682-4)","Cyclooxygenase Inhibitors [MoA], Nonsteroidal Anti-inflammatory Compounds [Chemical/Ingredient], Nonsteroidal Anti-inflammatory Drug [EPC]","N/A","No","12/31/2019"
"Nabumetone","45865-464-60","500 mg/1","TABLET, FILM COATED","ORAL","ANDA078671","Medsource Pharmaceuticals","45865-464","Nabumetone","NABUMETONE","HUMAN PRESCRIPTION DRUG","03/01/2008","N/A","ANDA","60 TABLET, FILM COATED in 1 BOTTLE (45865-464-60)","Cyclooxygenase Inhibitors [MoA], Nonsteroidal Anti-inflammatory Compounds [Chemical/Ingredient], Nonsteroidal Anti-inflammatory Drug [EPC]","N/A","No","12/31/2018"
"Nabumetone","45865-464-90","500 mg/1","TABLET, FILM COATED","ORAL","ANDA078671","Medsource Pharmaceuticals","45865-464","Nabumetone","NABUMETONE","HUMAN PRESCRIPTION DRUG","03/01/2008","N/A","ANDA","90 TABLET, FILM COATED in 1 BOTTLE (45865-464-90)","Cyclooxygenase Inhibitors [MoA], Nonsteroidal Anti-inflammatory Compounds [Chemical/Ingredient], Nonsteroidal Anti-inflammatory Drug [EPC]","N/A","No","12/31/2018"
"Nabumetone","60687-374-01","500 mg/1","TABLET, FILM COATED","ORAL","ANDA091083","American Health Packaging","60687-374","Nabumetone","NABUMETONE","HUMAN PRESCRIPTION DRUG","10/01/2018","N/A","ANDA","100 BLISTER PACK in 1 BOX, UNIT-DOSE (60687-374-01)  > 1 TABLET, FILM COATED in 1 BLISTER PACK (60687-374-11)","Cyclooxygenase Inhibitors [MoA], Nonsteroidal Anti-inflammatory Compounds [Chemical/Ingredient], Nonsteroidal Anti-inflammatory Drug [EPC]","N/A","No","12/31/2019"
"Nabumetone","71335-0531-1","500 mg/1","TABLET, FILM COATED","ORAL","ANDA078671","Bryant Ranch Prepack","71335-0531","Nabumetone","NABUMETONE","HUMAN PRESCRIPTION DRUG","03/01/2008","N/A","ANDA","20 TABLET, FILM COATED in 1 BOTTLE (71335-0531-1)","Cyclooxygenase Inhibitors [MoA], Nonsteroidal Anti-inflammatory Compounds [Chemical/Ingredient], Nonsteroidal Anti-inflammatory Drug [EPC]","N/A","No","12/31/2019"
"Nabumetone","71335-0531-2","500 mg/1","TABLET, FILM COATED","ORAL","ANDA078671","Bryant Ranch Prepack","71335-0531","Nabumetone","NABUMETONE","HUMAN PRESCRIPTION DRUG","03/01/2008","N/A","ANDA","30 TABLET, FILM COATED in 1 BOTTLE (71335-0531-2)","Cyclooxygenase Inhibitors [MoA], Nonsteroidal Anti-inflammatory Compounds [Chemical/Ingredient], Nonsteroidal Anti-inflammatory Drug [EPC]","N/A","No","12/31/2019"
"Nabumetone","71335-0531-3","500 mg/1","TABLET, FILM COATED","ORAL","ANDA078671","Bryant Ranch Prepack","71335-0531","Nabumetone","NABUMETONE","HUMAN PRESCRIPTION DRUG","03/01/2008","N/A","ANDA","60 TABLET, FILM COATED in 1 BOTTLE (71335-0531-3)","Cyclooxygenase Inhibitors [MoA], Nonsteroidal Anti-inflammatory Compounds [Chemical/Ingredient], Nonsteroidal Anti-inflammatory Drug [EPC]","N/A","No","12/31/2019"
"Nabumetone","71335-0531-4","500 mg/1","TABLET, FILM COATED","ORAL","ANDA078671","Bryant Ranch Prepack","71335-0531","Nabumetone","NABUMETONE","HUMAN PRESCRIPTION DRUG","03/01/2008","N/A","ANDA","90 TABLET, FILM COATED in 1 BOTTLE (71335-0531-4)","Cyclooxygenase Inhibitors [MoA], Nonsteroidal Anti-inflammatory Compounds [Chemical/Ingredient], Nonsteroidal Anti-inflammatory Drug [EPC]","N/A","No","12/31/2019"
"Nabumetone","71335-0531-5","500 mg/1","TABLET, FILM COATED","ORAL","ANDA078671","Bryant Ranch Prepack","71335-0531","Nabumetone","NABUMETONE","HUMAN PRESCRIPTION DRUG","03/01/2008","N/A","ANDA","42 TABLET, FILM COATED in 1 BOTTLE (71335-0531-5)","Cyclooxygenase Inhibitors [MoA], Nonsteroidal Anti-inflammatory Compounds [Chemical/Ingredient], Nonsteroidal Anti-inflammatory Drug [EPC]","N/A","No","12/31/2019"
"Nabumetone","71335-0531-6","500 mg/1","TABLET, FILM COATED","ORAL","ANDA078671","Bryant Ranch Prepack","71335-0531","Nabumetone","NABUMETONE","HUMAN PRESCRIPTION DRUG","03/01/2008","N/A","ANDA","56 TABLET, FILM COATED in 1 BOTTLE (71335-0531-6)","Cyclooxygenase Inhibitors [MoA], Nonsteroidal Anti-inflammatory Compounds [Chemical/Ingredient], Nonsteroidal Anti-inflammatory Drug [EPC]","N/A","No","12/31/2019"
"Nabumetone","71335-0531-7","500 mg/1","TABLET, FILM COATED","ORAL","ANDA078671","Bryant Ranch Prepack","71335-0531","Nabumetone","NABUMETONE","HUMAN PRESCRIPTION DRUG","03/01/2008","N/A","ANDA","14 TABLET, FILM COATED in 1 BOTTLE (71335-0531-7)","Cyclooxygenase Inhibitors [MoA], Nonsteroidal Anti-inflammatory Compounds [Chemical/Ingredient], Nonsteroidal Anti-inflammatory Drug [EPC]","N/A","No","12/31/2019"
"Nabumetone","71335-0531-8","500 mg/1","TABLET, FILM COATED","ORAL","ANDA078671","Bryant Ranch Prepack","71335-0531","Nabumetone","NABUMETONE","HUMAN PRESCRIPTION DRUG","03/01/2008","N/A","ANDA","100 TABLET, FILM COATED in 1 BOTTLE (71335-0531-8)","Cyclooxygenase Inhibitors [MoA], Nonsteroidal Anti-inflammatory Compounds [Chemical/Ingredient], Nonsteroidal Anti-inflammatory Drug [EPC]","N/A","No","12/31/2019"
"Nabumetone","71335-0531-9","500 mg/1","TABLET, FILM COATED","ORAL","ANDA078671","Bryant Ranch Prepack","71335-0531","Nabumetone","NABUMETONE","HUMAN PRESCRIPTION DRUG","03/01/2008","N/A","ANDA","9 TABLET, FILM COATED in 1 BOTTLE (71335-0531-9)","Cyclooxygenase Inhibitors [MoA], Nonsteroidal Anti-inflammatory Compounds [Chemical/Ingredient], Nonsteroidal Anti-inflammatory Drug [EPC]","N/A","No","12/31/2019"
"Nabumetone","71205-030-30","500 mg/1","TABLET, FILM COATED","ORAL","ANDA091083","Proficient Rx LP","71205-030","Nabumetone","NABUMETONE","HUMAN PRESCRIPTION DRUG","06/13/2011","N/A","ANDA","30 TABLET, FILM COATED in 1 BOTTLE, PLASTIC (71205-030-30)","Cyclooxygenase Inhibitors [MoA], Nonsteroidal Anti-inflammatory Compounds [Chemical/Ingredient], Nonsteroidal Anti-inflammatory Drug [EPC]","N/A","No","12/31/2019"
"Nabumetone","33261-077-60","500 mg/1","TABLET, FILM COATED","ORAL","ANDA091083","Aidarex Pharmaceuticals LLC","33261-077","Nabumetone","NABUMETONE","HUMAN PRESCRIPTION DRUG","06/13/2011","N/A","ANDA","60 TABLET, FILM COATED in 1 BOTTLE, PLASTIC (33261-077-60)","Cyclooxygenase Inhibitors [MoA], Nonsteroidal Anti-inflammatory Compounds [Chemical/Ingredient], Nonsteroidal Anti-inflammatory Drug [EPC]","N/A","No","12/31/2018"
"Nabumetone","33261-077-90","500 mg/1","TABLET, FILM COATED","ORAL","ANDA091083","Aidarex Pharmaceuticals LLC","33261-077","Nabumetone","NABUMETONE","HUMAN PRESCRIPTION DRUG","06/13/2011","N/A","ANDA","90 TABLET, FILM COATED in 1 BOTTLE, PLASTIC (33261-077-90)","Cyclooxygenase Inhibitors [MoA], Nonsteroidal Anti-inflammatory Compounds [Chemical/Ingredient], Nonsteroidal Anti-inflammatory Drug [EPC]","N/A","No","12/31/2018"
"Nabumetone","33261-078-30","750 mg/1","TABLET, FILM COATED","ORAL","ANDA078671","Aidarex Pharmaceuticals LLC","33261-078","Nabumetone","NABUMETONE","HUMAN PRESCRIPTION DRUG","03/01/2008","N/A","ANDA","30 TABLET, FILM COATED in 1 BOTTLE, PLASTIC (33261-078-30)","Cyclooxygenase Inhibitors [MoA], Nonsteroidal Anti-inflammatory Compounds [Chemical/Ingredient], Nonsteroidal Anti-inflammatory Drug [EPC]","N/A","No","12/31/2018"
"Nabumetone","70518-0934-0","500 mg/1","TABLET, FILM COATED","ORAL","ANDA078671","REMEDYREPACK INC.","70518-0934","Nabumetone","NABUMETONE","HUMAN PRESCRIPTION DRUG","01/05/2018","N/A","ANDA","90 TABLET, FILM COATED in 1 BOTTLE, PLASTIC (70518-0934-0)","Cyclooxygenase Inhibitors [MoA], Nonsteroidal Anti-inflammatory Compounds [Chemical/Ingredient], Nonsteroidal Anti-inflammatory Drug [EPC]","N/A","No","12/31/2019"
"Nabumetone","60760-386-15","500 mg/1","TABLET, FILM COATED","ORAL","ANDA091083","St. Mary's Medical Park Pharmacy","60760-386","Nabumetone","NABUMETONE","HUMAN PRESCRIPTION DRUG","07/19/2018","N/A","ANDA","15 TABLET, FILM COATED in 1 BOTTLE, PLASTIC (60760-386-15)","Cyclooxygenase Inhibitors [MoA], Nonsteroidal Anti-inflammatory Compounds [Chemical/Ingredient], Nonsteroidal Anti-inflammatory Drug [EPC]","N/A","No","12/31/2019"
"Nabumetone","68788-7220-8","500 mg/1","TABLET, FILM COATED","ORAL","ANDA091083","Preferred Pharmaceuticals Inc.","68788-7220","Nabumetone","NABUMETONE","HUMAN PRESCRIPTION DRUG","07/20/2018","N/A","ANDA","120 TABLET, FILM COATED in 1 BOTTLE, PLASTIC (68788-7220-8)","Cyclooxygenase Inhibitors [MoA], Nonsteroidal Anti-inflammatory Compounds [Chemical/Ingredient], Nonsteroidal Anti-inflammatory Drug [EPC]","N/A","No","12/31/2019"
"Nabumetone","50090-1531-4","500 mg/1","TABLET, FILM COATED","ORAL","ANDA078671","A-S Medication Solutions","50090-1531","Nabumetone","NABUMETONE","HUMAN PRESCRIPTION DRUG","03/01/2008","N/A","ANDA","14 TABLET, FILM COATED in 1 BOTTLE (50090-1531-4)","Cyclooxygenase Inhibitors [MoA], Nonsteroidal Anti-inflammatory Compounds [Chemical/Ingredient], Nonsteroidal Anti-inflammatory Drug [EPC]","N/A","No","12/31/2019"
"Nabumetone","50090-1531-5","500 mg/1","TABLET, FILM COATED","ORAL","ANDA078671","A-S Medication Solutions","50090-1531","Nabumetone","NABUMETONE","HUMAN PRESCRIPTION DRUG","03/01/2008","N/A","ANDA","20 TABLET, FILM COATED in 1 BOTTLE (50090-1531-5)","Cyclooxygenase Inhibitors [MoA], Nonsteroidal Anti-inflammatory Compounds [Chemical/Ingredient], Nonsteroidal Anti-inflammatory Drug [EPC]","N/A","No","12/31/2019"
"Nabumetone","50090-1531-7","500 mg/1","TABLET, FILM COATED","ORAL","ANDA078671","A-S Medication Solutions","50090-1531","Nabumetone","NABUMETONE","HUMAN PRESCRIPTION DRUG","03/01/2008","N/A","ANDA","30 TABLET, FILM COATED in 1 BOTTLE (50090-1531-7)","Cyclooxygenase Inhibitors [MoA], Nonsteroidal Anti-inflammatory Compounds [Chemical/Ingredient], Nonsteroidal Anti-inflammatory Drug [EPC]","N/A","No","12/31/2019"
"Nabumetone","68788-7220-6","500 mg/1","TABLET, FILM COATED","ORAL","ANDA091083","Preferred Pharmaceuticals Inc.","68788-7220","Nabumetone","NABUMETONE","HUMAN PRESCRIPTION DRUG","07/20/2018","N/A","ANDA","60 TABLET, FILM COATED in 1 BOTTLE, PLASTIC (68788-7220-6)","Cyclooxygenase Inhibitors [MoA], Nonsteroidal Anti-inflammatory Compounds [Chemical/Ingredient], Nonsteroidal Anti-inflammatory Drug [EPC]","N/A","No","12/31/2019"
"Nabumetone","63629-7699-1","750 mg/1","TABLET, FILM COATED","ORAL","ANDA091083","Bryant Ranch Prepack","63629-7699","Nabumetone","NABUMETONE","HUMAN PRESCRIPTION DRUG","06/13/2011","N/A","ANDA","30 TABLET, FILM COATED in 1 BOTTLE (63629-7699-1)","Cyclooxygenase Inhibitors [MoA], Nonsteroidal Anti-inflammatory Compounds [Chemical/Ingredient], Nonsteroidal Anti-inflammatory Drug [EPC]","N/A","No","12/31/2019"
"Nabumetone","60760-696-14","750 mg/1","TABLET, FILM COATED","ORAL","ANDA078671","St. Mary's Medical Park Pharmacy","60760-696","Nabumetone","NABUMETONE","HUMAN PRESCRIPTION DRUG","03/01/2008","N/A","ANDA","14 TABLET, FILM COATED in 1 BOTTLE, PLASTIC (60760-696-14)","Cyclooxygenase Inhibitors [MoA], Nonsteroidal Anti-inflammatory Compounds [Chemical/Ingredient], Nonsteroidal Anti-inflammatory Drug [EPC]","N/A","No","12/31/2019"
"Nabumetone","51655-600-52","750 mg/1","TABLET, FILM COATED","ORAL","ANDA091083","Northwind Pharmaceuticals, LLC","51655-600","Nabumetone","NABUMETONE","HUMAN PRESCRIPTION DRUG","10/28/2014","N/A","ANDA","30 TABLET, FILM COATED in 1 BOTTLE, DISPENSING (51655-600-52)","Cyclooxygenase Inhibitors [MoA], Nonsteroidal Anti-inflammatory Compounds [Chemical/Ingredient], Nonsteroidal Anti-inflammatory Drug [EPC]","N/A","No","12/31/2018"
"Nabumetone","53217-260-30","500 mg/1","TABLET, FILM COATED","ORAL","ANDA078671","Aidarex Pharmaceuticals LLC","53217-260","Nabumetone","NABUMETONE","HUMAN PRESCRIPTION DRUG","04/14/2015","N/A","ANDA","30 TABLET, FILM COATED in 1 BOTTLE (53217-260-30)","Cyclooxygenase Inhibitors [MoA], Nonsteroidal Anti-inflammatory Compounds [Chemical/Ingredient], Nonsteroidal Anti-inflammatory Drug [EPC]","N/A","No","12/31/2018"
"Nabumetone","53217-260-60","500 mg/1","TABLET, FILM COATED","ORAL","ANDA078671","Aidarex Pharmaceuticals LLC","53217-260","Nabumetone","NABUMETONE","HUMAN PRESCRIPTION DRUG","04/14/2015","N/A","ANDA","60 TABLET, FILM COATED in 1 BOTTLE (53217-260-60)","Cyclooxygenase Inhibitors [MoA], Nonsteroidal Anti-inflammatory Compounds [Chemical/Ingredient], Nonsteroidal Anti-inflammatory Drug [EPC]","N/A","No","12/31/2018"
"Nabumetone","53217-260-90","500 mg/1","TABLET, FILM COATED","ORAL","ANDA078671","Aidarex Pharmaceuticals LLC","53217-260","Nabumetone","NABUMETONE","HUMAN PRESCRIPTION DRUG","04/14/2015","N/A","ANDA","90 TABLET, FILM COATED in 1 BOTTLE (53217-260-90)","Cyclooxygenase Inhibitors [MoA], Nonsteroidal Anti-inflammatory Compounds [Chemical/Ingredient], Nonsteroidal Anti-inflammatory Drug [EPC]","N/A","No","12/31/2018"
"Nabumetone","76282-257-01","500 mg/1","TABLET, FILM COATED","ORAL","ANDA078671","Exelan Pharmaceuticals Inc.","76282-257","Nabumetone","NABUMETONE","HUMAN PRESCRIPTION DRUG","04/14/2015","N/A","ANDA","100 TABLET, FILM COATED in 1 BOTTLE (76282-257-01)","Cyclooxygenase Inhibitors [MoA], Nonsteroidal Anti-inflammatory Compounds [Chemical/Ingredient], Nonsteroidal Anti-inflammatory Drug [EPC]","N/A","No","12/31/2019"
"Nabumetone","63629-1620-1","500 mg/1","TABLET, FILM COATED","ORAL","ANDA078671","Bryant Ranch Prepack","63629-1620","nabumetone","NABUMETONE","HUMAN PRESCRIPTION DRUG","03/01/2008","N/A","ANDA","20 TABLET, FILM COATED in 1 BOTTLE (63629-1620-1)","Cyclooxygenase Inhibitors [MoA], Nonsteroidal Anti-inflammatory Compounds [Chemical/Ingredient], Nonsteroidal Anti-inflammatory Drug [EPC]","N/A","No","12/31/2018"
"Nabumetone","63629-1620-2","500 mg/1","TABLET, FILM COATED","ORAL","ANDA078671","Bryant Ranch Prepack","63629-1620","nabumetone","NABUMETONE","HUMAN PRESCRIPTION DRUG","03/01/2008","N/A","ANDA","30 TABLET, FILM COATED in 1 BOTTLE (63629-1620-2)","Cyclooxygenase Inhibitors [MoA], Nonsteroidal Anti-inflammatory Compounds [Chemical/Ingredient], Nonsteroidal Anti-inflammatory Drug [EPC]","N/A","No","12/31/2018"
"Nabumetone","63629-1620-3","500 mg/1","TABLET, FILM COATED","ORAL","ANDA078671","Bryant Ranch Prepack","63629-1620","nabumetone","NABUMETONE","HUMAN PRESCRIPTION DRUG","03/01/2008","N/A","ANDA","60 TABLET, FILM COATED in 1 BOTTLE (63629-1620-3)","Cyclooxygenase Inhibitors [MoA], Nonsteroidal Anti-inflammatory Compounds [Chemical/Ingredient], Nonsteroidal Anti-inflammatory Drug [EPC]","N/A","No","12/31/2018"
"Nabumetone","63629-1620-4","500 mg/1","TABLET, FILM COATED","ORAL","ANDA078671","Bryant Ranch Prepack","63629-1620","nabumetone","NABUMETONE","HUMAN PRESCRIPTION DRUG","03/01/2008","N/A","ANDA","90 TABLET, FILM COATED in 1 BOTTLE (63629-1620-4)","Cyclooxygenase Inhibitors [MoA], Nonsteroidal Anti-inflammatory Compounds [Chemical/Ingredient], Nonsteroidal Anti-inflammatory Drug [EPC]","N/A","No","12/31/2018"
"Nabumetone","63629-1620-8","500 mg/1","TABLET, FILM COATED","ORAL","ANDA078671","Bryant Ranch Prepack","63629-1620","nabumetone","NABUMETONE","HUMAN PRESCRIPTION DRUG","03/01/2008","N/A","ANDA","100 TABLET, FILM COATED in 1 BOTTLE (63629-1620-8)","Cyclooxygenase Inhibitors [MoA], Nonsteroidal Anti-inflammatory Compounds [Chemical/Ingredient], Nonsteroidal Anti-inflammatory Drug [EPC]","N/A","No","12/31/2018"
"Nabumetone","63629-1620-9","500 mg/1","TABLET, FILM COATED","ORAL","ANDA078671","Bryant Ranch Prepack","63629-1620","nabumetone","NABUMETONE","HUMAN PRESCRIPTION DRUG","03/01/2008","N/A","ANDA","9 TABLET, FILM COATED in 1 BOTTLE (63629-1620-9)","Cyclooxygenase Inhibitors [MoA], Nonsteroidal Anti-inflammatory Compounds [Chemical/Ingredient], Nonsteroidal Anti-inflammatory Drug [EPC]","N/A","No","12/31/2018"
"Nabumetone","33261-078-60","750 mg/1","TABLET, FILM COATED","ORAL","ANDA078671","Aidarex Pharmaceuticals LLC","33261-078","Nabumetone","NABUMETONE","HUMAN PRESCRIPTION DRUG","03/01/2008","N/A","ANDA","60 TABLET, FILM COATED in 1 BOTTLE, PLASTIC (33261-078-60)","Cyclooxygenase Inhibitors [MoA], Nonsteroidal Anti-inflammatory Compounds [Chemical/Ingredient], Nonsteroidal Anti-inflammatory Drug [EPC]","N/A","No","12/31/2018"
"Nabumetone","33261-078-97","750 mg/1","TABLET, FILM COATED","ORAL","ANDA078671","Aidarex Pharmaceuticals LLC","33261-078","Nabumetone","NABUMETONE","HUMAN PRESCRIPTION DRUG","03/01/2008","N/A","ANDA","126 TABLET, FILM COATED in 1 BOTTLE, PLASTIC (33261-078-97)","Cyclooxygenase Inhibitors [MoA], Nonsteroidal Anti-inflammatory Compounds [Chemical/Ingredient], Nonsteroidal Anti-inflammatory Drug [EPC]","N/A","No","12/31/2018"
"Nabumetone","63629-7699-2","750 mg/1","TABLET, FILM COATED","ORAL","ANDA091083","Bryant Ranch Prepack","63629-7699","Nabumetone","NABUMETONE","HUMAN PRESCRIPTION DRUG","06/13/2011","N/A","ANDA","60 TABLET, FILM COATED in 1 BOTTLE (63629-7699-2)","Cyclooxygenase Inhibitors [MoA], Nonsteroidal Anti-inflammatory Compounds [Chemical/Ingredient], Nonsteroidal Anti-inflammatory Drug [EPC]","N/A","No","12/31/2019"
"Nabumetone","35356-686-00","750 mg/1","TABLET, FILM COATED","ORAL","ANDA078671","Lake Erie Medical & Surgical Supply DBA Quality Care Products LLC","35356-686","Nabumetone","NABUMETONE","HUMAN PRESCRIPTION DRUG","03/01/2008","N/A","ANDA","100 TABLET, FILM COATED in 1 BOTTLE (35356-686-00)","Cyclooxygenase Inhibitors [MoA], Nonsteroidal Anti-inflammatory Compounds [Chemical/Ingredient], Nonsteroidal Anti-inflammatory Drug [EPC]","N/A","No","12/31/2018"
"Nabumetone","35356-686-14","750 mg/1","TABLET, FILM COATED","ORAL","ANDA078671","Lake Erie Medical & Surgical Supply DBA Quality Care Products LLC","35356-686","Nabumetone","NABUMETONE","HUMAN PRESCRIPTION DRUG","03/01/2008","N/A","ANDA","14 TABLET, FILM COATED in 1 BOTTLE (35356-686-14)","Cyclooxygenase Inhibitors [MoA], Nonsteroidal Anti-inflammatory Compounds [Chemical/Ingredient], Nonsteroidal Anti-inflammatory Drug [EPC]","N/A","No","12/31/2018"
"Nabumetone","35356-686-20","750 mg/1","TABLET, FILM COATED","ORAL","ANDA078671","Lake Erie Medical & Surgical Supply DBA Quality Care Products LLC","35356-686","Nabumetone","NABUMETONE","HUMAN PRESCRIPTION DRUG","03/01/2008","N/A","ANDA","20 TABLET, FILM COATED in 1 BOTTLE (35356-686-20)","Cyclooxygenase Inhibitors [MoA], Nonsteroidal Anti-inflammatory Compounds [Chemical/Ingredient], Nonsteroidal Anti-inflammatory Drug [EPC]","N/A","No","12/31/2018"
"Nabumetone","35356-686-30","750 mg/1","TABLET, FILM COATED","ORAL","ANDA078671","Lake Erie Medical & Surgical Supply DBA Quality Care Products LLC","35356-686","Nabumetone","NABUMETONE","HUMAN PRESCRIPTION DRUG","03/01/2008","N/A","ANDA","30 TABLET, FILM COATED in 1 BOTTLE (35356-686-30)","Cyclooxygenase Inhibitors [MoA], Nonsteroidal Anti-inflammatory Compounds [Chemical/Ingredient], Nonsteroidal Anti-inflammatory Drug [EPC]","N/A","No","12/31/2018"
"Nabumetone","35356-686-60","750 mg/1","TABLET, FILM COATED","ORAL","ANDA078671","Lake Erie Medical & Surgical Supply DBA Quality Care Products LLC","35356-686","Nabumetone","NABUMETONE","HUMAN PRESCRIPTION DRUG","03/01/2008","N/A","ANDA","60 TABLET, FILM COATED in 1 BOTTLE (35356-686-60)","Cyclooxygenase Inhibitors [MoA], Nonsteroidal Anti-inflammatory Compounds [Chemical/Ingredient], Nonsteroidal Anti-inflammatory Drug [EPC]","N/A","No","12/31/2018"
"Nabumetone","35356-687-00","500 mg/1","TABLET, FILM COATED","ORAL","ANDA091083","Lake Erie Medical & Surgical Supply DBA Quality Care Products LLC","35356-687","Nabumetone","NABUMETONE","HUMAN PRESCRIPTION DRUG","06/13/2011","N/A","ANDA","100 TABLET, FILM COATED in 1 BOTTLE, PLASTIC (35356-687-00)","Cyclooxygenase Inhibitors [MoA], Nonsteroidal Anti-inflammatory Compounds [Chemical/Ingredient], Nonsteroidal Anti-inflammatory Drug [EPC]","N/A","No","12/31/2018"
"Nabumetone","35356-687-14","500 mg/1","TABLET, FILM COATED","ORAL","ANDA091083","Lake Erie Medical & Surgical Supply DBA Quality Care Products LLC","35356-687","Nabumetone","NABUMETONE","HUMAN PRESCRIPTION DRUG","06/13/2011","N/A","ANDA","14 TABLET, FILM COATED in 1 BOTTLE, PLASTIC (35356-687-14)","Cyclooxygenase Inhibitors [MoA], Nonsteroidal Anti-inflammatory Compounds [Chemical/Ingredient], Nonsteroidal Anti-inflammatory Drug [EPC]","N/A","No","12/31/2018"
"Nabumetone","35356-687-15","500 mg/1","TABLET, FILM COATED","ORAL","ANDA091083","Lake Erie Medical & Surgical Supply DBA Quality Care Products LLC","35356-687","Nabumetone","NABUMETONE","HUMAN PRESCRIPTION DRUG","06/13/2011","N/A","ANDA","15 TABLET, FILM COATED in 1 BOTTLE, PLASTIC (35356-687-15)","Cyclooxygenase Inhibitors [MoA], Nonsteroidal Anti-inflammatory Compounds [Chemical/Ingredient], Nonsteroidal Anti-inflammatory Drug [EPC]","N/A","No","12/31/2018"
"Nabumetone","35356-687-20","500 mg/1","TABLET, FILM COATED","ORAL","ANDA091083","Lake Erie Medical & Surgical Supply DBA Quality Care Products LLC","35356-687","Nabumetone","NABUMETONE","HUMAN PRESCRIPTION DRUG","06/13/2011","N/A","ANDA","20 TABLET, FILM COATED in 1 BOTTLE, PLASTIC (35356-687-20)","Cyclooxygenase Inhibitors [MoA], Nonsteroidal Anti-inflammatory Compounds [Chemical/Ingredient], Nonsteroidal Anti-inflammatory Drug [EPC]","N/A","No","12/31/2018"
"Nabumetone","68180-142-03","750 mg/1","TABLET, FILM COATED","ORAL","ANDA090445","Lupin Pharmaceuticals, Inc.","68180-142","nabumetone","NABUMETONE","HUMAN PRESCRIPTION DRUG","08/27/2012","N/A","ANDA","1000 TABLET, FILM COATED in 1 BOTTLE (68180-142-03)","Cyclooxygenase Inhibitors [MoA], Nonsteroidal Anti-inflammatory Compounds [Chemical/Ingredient], Nonsteroidal Anti-inflammatory Drug [EPC]","N/A","No","12/31/2018"
"Nabumetone","68462-359-01","750 mg/1","TABLET, FILM COATED","ORAL","ANDA078671","Glenmark Pharmaceuticals Inc., USA","68462-359","Nabumetone","NABUMETONE","HUMAN PRESCRIPTION DRUG","03/01/2008","N/A","ANDA","100 TABLET, FILM COATED in 1 BOTTLE (68462-359-01)","Cyclooxygenase Inhibitors [MoA], Nonsteroidal Anti-inflammatory Compounds [Chemical/Ingredient], Nonsteroidal Anti-inflammatory Drug [EPC]","N/A","No","12/31/2018"
"Nabumetone","68462-359-05","750 mg/1","TABLET, FILM COATED","ORAL","ANDA078671","Glenmark Pharmaceuticals Inc., USA","68462-359","Nabumetone","NABUMETONE","HUMAN PRESCRIPTION DRUG","03/01/2008","N/A","ANDA","500 TABLET, FILM COATED in 1 BOTTLE (68462-359-05)","Cyclooxygenase Inhibitors [MoA], Nonsteroidal Anti-inflammatory Compounds [Chemical/Ingredient], Nonsteroidal Anti-inflammatory Drug [EPC]","N/A","No","12/31/2018"
"Nabumetone","50268-589-15","500 mg/1","TABLET, FILM COATED","ORAL","ANDA091083","AvPAK","50268-589","Nabumetone","NABUMETONE","HUMAN PRESCRIPTION DRUG","11/22/2016","N/A","ANDA","50 BLISTER PACK in 1 BOX, UNIT-DOSE (50268-589-15)  > 1 TABLET, FILM COATED in 1 BLISTER PACK (50268-589-11)","Cyclooxygenase Inhibitors [MoA], Nonsteroidal Anti-inflammatory Compounds [Chemical/Ingredient], Nonsteroidal Anti-inflammatory Drug [EPC]","N/A","No","12/31/2019"
"Nabumetone","50268-590-13","750 mg/1","TABLET, FILM COATED","ORAL","ANDA091083","AvPAK","50268-590","Nabumetone","NABUMETONE","HUMAN PRESCRIPTION DRUG","11/22/2016","N/A","ANDA","30 BLISTER PACK in 1 BOX, UNIT-DOSE (50268-590-13)  > 1 TABLET, FILM COATED in 1 BLISTER PACK (50268-590-11)","Cyclooxygenase Inhibitors [MoA], Nonsteroidal Anti-inflammatory Compounds [Chemical/Ingredient], Nonsteroidal Anti-inflammatory Drug [EPC]","N/A","No","12/31/2019"
"Nabumetone","76282-257-05","500 mg/1","TABLET, FILM COATED","ORAL","ANDA078671","Exelan Pharmaceuticals Inc.","76282-257","Nabumetone","NABUMETONE","HUMAN PRESCRIPTION DRUG","04/14/2015","N/A","ANDA","500 TABLET, FILM COATED in 1 BOTTLE (76282-257-05)","Cyclooxygenase Inhibitors [MoA], Nonsteroidal Anti-inflammatory Compounds [Chemical/Ingredient], Nonsteroidal Anti-inflammatory Drug [EPC]","N/A","No","12/31/2019"
"Nabumetone","76282-258-01","750 mg/1","TABLET, FILM COATED","ORAL","ANDA078671","Exelan Pharmaceuticals Inc.","76282-258","Nabumetone","NABUMETONE","HUMAN PRESCRIPTION DRUG","04/14/2015","N/A","ANDA","100 TABLET, FILM COATED in 1 BOTTLE (76282-258-01)","Cyclooxygenase Inhibitors [MoA], Nonsteroidal Anti-inflammatory Compounds [Chemical/Ingredient], Nonsteroidal Anti-inflammatory Drug [EPC]","N/A","No","12/31/2019"
"Nabumetone","76282-258-05","750 mg/1","TABLET, FILM COATED","ORAL","ANDA078671","Exelan Pharmaceuticals Inc.","76282-258","Nabumetone","NABUMETONE","HUMAN PRESCRIPTION DRUG","04/14/2015","N/A","ANDA","500 TABLET, FILM COATED in 1 BOTTLE (76282-258-05)","Cyclooxygenase Inhibitors [MoA], Nonsteroidal Anti-inflammatory Compounds [Chemical/Ingredient], Nonsteroidal Anti-inflammatory Drug [EPC]","N/A","No","12/31/2019"
"Nabumetone","35356-687-30","500 mg/1","TABLET, FILM COATED","ORAL","ANDA091083","Lake Erie Medical & Surgical Supply DBA Quality Care Products LLC","35356-687","Nabumetone","NABUMETONE","HUMAN PRESCRIPTION DRUG","06/13/2011","N/A","ANDA","30 TABLET, FILM COATED in 1 BOTTLE, PLASTIC (35356-687-30)","Cyclooxygenase Inhibitors [MoA], Nonsteroidal Anti-inflammatory Compounds [Chemical/Ingredient], Nonsteroidal Anti-inflammatory Drug [EPC]","N/A","No","12/31/2018"
"Nabumetone","35356-687-60","500 mg/1","TABLET, FILM COATED","ORAL","ANDA091083","Lake Erie Medical & Surgical Supply DBA Quality Care Products LLC","35356-687","Nabumetone","NABUMETONE","HUMAN PRESCRIPTION DRUG","06/13/2011","N/A","ANDA","60 TABLET, FILM COATED in 1 BOTTLE, PLASTIC (35356-687-60)","Cyclooxygenase Inhibitors [MoA], Nonsteroidal Anti-inflammatory Compounds [Chemical/Ingredient], Nonsteroidal Anti-inflammatory Drug [EPC]","N/A","No","12/31/2018"
"Nabumetone","35356-687-90","500 mg/1","TABLET, FILM COATED","ORAL","ANDA091083","Lake Erie Medical & Surgical Supply DBA Quality Care Products LLC","35356-687","Nabumetone","NABUMETONE","HUMAN PRESCRIPTION DRUG","06/13/2011","N/A","ANDA","90 TABLET, FILM COATED in 1 BOTTLE, PLASTIC (35356-687-90)","Cyclooxygenase Inhibitors [MoA], Nonsteroidal Anti-inflammatory Compounds [Chemical/Ingredient], Nonsteroidal Anti-inflammatory Drug [EPC]","N/A","No","12/31/2018"
"Nabumetone","63629-2682-5","750 mg/1","TABLET, FILM COATED","ORAL","ANDA078671","Bryant Ranch Prepack","63629-2682","Nabumetone","NABUMETONE","HUMAN PRESCRIPTION DRUG","03/01/2008","N/A","ANDA","42 TABLET, FILM COATED in 1 BOTTLE (63629-2682-5)","Cyclooxygenase Inhibitors [MoA], Nonsteroidal Anti-inflammatory Compounds [Chemical/Ingredient], Nonsteroidal Anti-inflammatory Drug [EPC]","N/A","No","12/31/2019"
"Nabumetone","63629-2682-6","750 mg/1","TABLET, FILM COATED","ORAL","ANDA078671","Bryant Ranch Prepack","63629-2682","Nabumetone","NABUMETONE","HUMAN PRESCRIPTION DRUG","03/01/2008","N/A","ANDA","100 TABLET, FILM COATED in 1 BOTTLE (63629-2682-6)","Cyclooxygenase Inhibitors [MoA], Nonsteroidal Anti-inflammatory Compounds [Chemical/Ingredient], Nonsteroidal Anti-inflammatory Drug [EPC]","N/A","No","12/31/2019"
"Nabumetone","63629-2682-7","750 mg/1","TABLET, FILM COATED","ORAL","ANDA078671","Bryant Ranch Prepack","63629-2682","Nabumetone","NABUMETONE","HUMAN PRESCRIPTION DRUG","03/01/2008","N/A","ANDA","14 TABLET, FILM COATED in 1 BOTTLE (63629-2682-7)","Cyclooxygenase Inhibitors [MoA], Nonsteroidal Anti-inflammatory Compounds [Chemical/Ingredient], Nonsteroidal Anti-inflammatory Drug [EPC]","N/A","No","12/31/2019"
"Nabumetone","63629-2682-8","750 mg/1","TABLET, FILM COATED","ORAL","ANDA078671","Bryant Ranch Prepack","63629-2682","Nabumetone","NABUMETONE","HUMAN PRESCRIPTION DRUG","03/01/2008","N/A","ANDA","6 TABLET, FILM COATED in 1 BOTTLE (63629-2682-8)","Cyclooxygenase Inhibitors [MoA], Nonsteroidal Anti-inflammatory Compounds [Chemical/Ingredient], Nonsteroidal Anti-inflammatory Drug [EPC]","N/A","No","12/31/2019"
"Nabumetone","63629-2682-9","750 mg/1","TABLET, FILM COATED","ORAL","ANDA078671","Bryant Ranch Prepack","63629-2682","Nabumetone","NABUMETONE","HUMAN PRESCRIPTION DRUG","03/01/2008","N/A","ANDA","9 TABLET, FILM COATED in 1 BOTTLE (63629-2682-9)","Cyclooxygenase Inhibitors [MoA], Nonsteroidal Anti-inflammatory Compounds [Chemical/Ingredient], Nonsteroidal Anti-inflammatory Drug [EPC]","N/A","No","12/31/2019"
"Nabumetone","50090-0800-3","750 mg/1","TABLET, FILM COATED","ORAL","ANDA091083","A-S Medication Solutions","50090-0800","Nabumetone","NABUMETONE","HUMAN PRESCRIPTION DRUG","06/13/2011","N/A","ANDA","60 TABLET, FILM COATED in 1 BOTTLE (50090-0800-3)","Cyclooxygenase Inhibitors [MoA], Nonsteroidal Anti-inflammatory Compounds [Chemical/Ingredient], Nonsteroidal Anti-inflammatory Drug [EPC]","N/A","No","12/31/2019"
"NABUMETONE  (E)","54868-4556-0"," "," "," "," ","Physicians Total Care, Inc."," "," "," "," "," ","N/A"," "," ","N/A","N/A","N/A"," "
"NABUMETONE  (E)","54868-4556-1"," "," "," "," ","Physicians Total Care, Inc."," "," "," "," "," ","N/A"," "," ","N/A","N/A","N/A"," "
"NABUMETONE  (E)","54868-4556-2"," "," "," "," ","Physicians Total Care, Inc."," "," "," "," "," ","N/A"," "," ","N/A","N/A","N/A"," "
"NABUMETONE  (E)","54868-4556-3"," "," "," "," ","Physicians Total Care, Inc."," "," "," "," "," ","N/A"," "," ","N/A","N/A","N/A"," "
"NABUMETONE  (E)","54868-4556-4"," "," "," "," ","Physicians Total Care, Inc."," "," "," "," "," ","N/A"," "," ","N/A","N/A","N/A"," "
"NABUMETONE  (E)","54868-4558-0"," "," "," "," ","Physicians Total Care, Inc."," "," "," "," "," ","N/A"," "," ","N/A","N/A","N/A"," "
"NABUMETONE  (E)","54868-4558-1"," "," "," "," ","Physicians Total Care, Inc."," "," "," "," "," ","N/A"," "," ","N/A","N/A","N/A"," "
"NABUMETONE  (E)","54868-4558-2"," "," "," "," ","Physicians Total Care, Inc."," "," "," "," "," ","N/A"," "," ","N/A","N/A","N/A"," "
"NABUMETONE  (E)","54868-4558-3"," "," "," "," ","Physicians Total Care, Inc."," "," "," "," "," ","N/A"," "," ","N/A","N/A","N/A"," "
"NABUMETONE  (E)","42549-523-60"," "," "," "," ","STAT Rx USA LLC"," "," "," "," "," ","N/A"," "," ","N/A","N/A","N/A"," "
"NABUMETONE  (E)","42549-648-30"," "," "," "," ","STAT Rx USA LLC"," "," "," "," "," ","N/A"," "," ","N/A","N/A","N/A"," "
"NABUMETONE  (E)","42549-648-60"," "," "," "," ","STAT Rx USA LLC"," "," "," "," "," ","N/A"," "," ","N/A","N/A","N/A"," "
"NABUMETONE  (E)","16590-160-20"," "," "," "," ","STAT RX USA LLC"," "," "," "," "," ","N/A"," "," ","N/A","N/A","N/A"," "
"NABUMETONE  (E)","16590-160-30"," "," "," "," ","STAT RX USA LLC"," "," "," "," "," ","N/A"," "," ","N/A","N/A","N/A"," "
"NABUMETONE  (E)","16590-160-45"," "," "," "," ","STAT RX USA LLC"," "," "," "," "," ","N/A"," "," ","N/A","N/A","N/A"," "
"NABUMETONE  (E)","16590-160-56"," "," "," "," ","STAT RX USA LLC"," "," "," "," "," ","N/A"," "," ","N/A","N/A","N/A"," "
"NABUMETONE  (E)","16590-160-60"," "," "," "," ","STAT RX USA LLC"," "," "," "," "," ","N/A"," "," ","N/A","N/A","N/A"," "
"NABUMETONE  (E)","16590-160-90"," "," "," "," ","STAT RX USA LLC"," "," "," "," "," ","N/A"," "," ","N/A","N/A","N/A"," "
"Nabumetone (U)","63874-607-01"," "," "," "," ","Altura Pharmaceuticals, Inc."," "," "," "," "," ","N/A"," "," ","N/A","N/A","N/A"," "
"Nabumetone (U)","63874-607-30"," "," "," "," ","Altura Pharmaceuticals, Inc."," "," "," "," "," ","N/A"," "," ","N/A","N/A","N/A"," "
"Nabumetone (U)","63874-607-60"," "," "," "," ","Altura Pharmaceuticals, Inc."," "," "," "," "," ","N/A"," "," ","N/A","N/A","N/A"," "
"Nabumetone (U)","63874-607-90"," "," "," "," ","Altura Pharmaceuticals, Inc."," "," "," "," "," ","N/A"," "," ","N/A","N/A","N/A"," "
"Nabumetone (U)","63874-687-01"," "," "," "," ","Altura Pharmaceuticals, Inc."," "," "," "," "," ","N/A"," "," ","N/A","N/A","N/A"," "
"Nabumetone (U)","63874-687-30"," "," "," "," ","Altura Pharmaceuticals, Inc."," "," "," "," "," ","N/A"," "," ","N/A","N/A","N/A"," "
"Nabumetone (U)","63874-687-60"," "," "," "," ","Altura Pharmaceuticals, Inc."," "," "," "," "," ","N/A"," "," ","N/A","N/A","N/A"," "
"Nabumetone (U)","63187-307-30"," "," "," "," ","Proficient Rx LP"," "," "," "," "," ","N/A"," "," ","N/A","N/A","N/A"," "
"Nabumetone (U)","21695-230-14"," "," "," "," ","Rebel Distributors Corp."," "," "," "," "," ","N/A"," "," ","N/A","N/A","N/A"," "
"Nabumetone (U)","21695-230-15"," "," "," "," ","Rebel Distributors Corp."," "," "," "," "," ","N/A"," "," ","N/A","N/A","N/A"," "
"Nabumetone (U)","21695-230-20"," "," "," "," ","Rebel Distributors Corp."," "," "," "," "," ","N/A"," "," ","N/A","N/A","N/A"," "
"Nabumetone (U)","21695-230-30"," "," "," "," ","Rebel Distributors Corp."," "," "," "," "," ","N/A"," "," ","N/A","N/A","N/A"," "
"Nabumetone (U)","21695-230-60"," "," "," "," ","Rebel Distributors Corp."," "," "," "," "," ","N/A"," "," ","N/A","N/A","N/A"," "
"Nabumetone (U)","21695-231-14"," "," "," "," ","Rebel Distributors Corp."," "," "," "," "," ","N/A"," "," ","N/A","N/A","N/A"," "
"Nabumetone (U)","63874-687-90"," "," "," "," ","Altura Pharmaceuticals, Inc."," "," "," "," "," ","N/A"," "," ","N/A","N/A","N/A"," "
"Nabumetone (U)","21695-231-20"," "," "," "," ","Rebel Distributors Corp."," "," "," "," "," ","N/A"," "," ","N/A","N/A","N/A"," "
"Nabumetone (U)","21695-231-30"," "," "," "," ","Rebel Distributors Corp."," "," "," "," "," ","N/A"," "," ","N/A","N/A","N/A"," "
"Nabumetone (U)","21695-231-60"," "," "," "," ","Rebel Distributors Corp."," "," "," "," "," ","N/A"," "," ","N/A","N/A","N/A"," "
"Nabumetone (U)","21695-231-90"," "," "," "," ","Rebel Distributors Corp."," "," "," "," "," ","N/A"," "," ","N/A","N/A","N/A"," "
"Nabumetone (U)","66336-316-30"," "," "," "," ","Dispensing Solutions, Inc."," "," "," "," "," ","N/A"," "," ","N/A","N/A","N/A"," "
"Nabumetone (U)","10544-120-20"," "," "," "," ","Blenheim Pharmacal, Inc."," "," "," "," "," ","N/A"," "," ","N/A","N/A","N/A"," "
"Nabumetone (U)","10544-271-20"," "," "," "," ","Blenheim Pharmacal, Inc."," "," "," "," "," ","N/A"," "," ","N/A","N/A","N/A"," "
"Nabumetone (U)","10544-271-30"," "," "," "," ","Blenheim Pharmacal, Inc."," "," "," "," "," ","N/A"," "," ","N/A","N/A","N/A"," "
"Nabumetone (U)","10544-271-60"," "," "," "," ","Blenheim Pharmacal, Inc."," "," "," "," "," ","N/A"," "," ","N/A","N/A","N/A"," "
"Nabumetone (U)","10544-271-90"," "," "," "," ","Blenheim Pharmacal, Inc."," "," "," "," "," ","N/A"," "," ","N/A","N/A","N/A"," "
"Nabumetone (U)","10544-273-20"," "," "," "," ","Blenheim Pharmacal, Inc."," "," "," "," "," ","N/A"," "," ","N/A","N/A","N/A"," "
"Nabumetone (U)","10544-003-20"," "," "," "," ","Blenheim Pharmacal, Inc."," "," "," "," "," ","N/A"," "," ","N/A","N/A","N/A"," "
"Nabumetone (U)","10544-003-30"," "," "," "," ","Blenheim Pharmacal, Inc."," "," "," "," "," ","N/A"," "," ","N/A","N/A","N/A"," "
"NABUMETONE (U)","61919-159-60"," "," "," "," ","Direct Rx"," "," "," "," "," ","N/A"," "," ","N/A","N/A","N/A"," "
"NABUMETONE (U)","61919-160-30"," "," "," "," ","Direct Rx"," "," "," "," "," ","N/A"," "," ","N/A","N/A","N/A"," "
"Nabumetone (U)","52959-656-02"," "," "," "," ","H.J. Harkins Company, Inc."," "," "," "," "," ","N/A"," "," ","N/A","N/A","N/A"," "
"Nabumetone (U)","52959-656-20"," "," "," "," ","H.J. Harkins Company, Inc."," "," "," "," "," ","N/A"," "," ","N/A","N/A","N/A"," "
"Nabumetone (U)","52959-656-28"," "," "," "," ","H.J. Harkins Company, Inc."," "," "," "," "," ","N/A"," "," ","N/A","N/A","N/A"," "
"Nabumetone (U)","52959-656-30"," "," "," "," ","H.J. Harkins Company, Inc."," "," "," "," "," ","N/A"," "," ","N/A","N/A","N/A"," "
"Nabumetone (U)","52959-656-40"," "," "," "," ","H.J. Harkins Company, Inc."," "," "," "," "," ","N/A"," "," ","N/A","N/A","N/A"," "
"Nabumetone (U)","52959-656-42"," "," "," "," ","H.J. Harkins Company, Inc."," "," "," "," "," ","N/A"," "," ","N/A","N/A","N/A"," "
"Nabumetone (U)","52959-656-60"," "," "," "," ","H.J. Harkins Company, Inc."," "," "," "," "," ","N/A"," "," ","N/A","N/A","N/A"," "
"Nabumetone (U)","10544-273-30"," "," "," "," ","Blenheim Pharmacal, Inc."," "," "," "," "," ","N/A"," "," ","N/A","N/A","N/A"," "
"Nabumetone (U)","10544-273-40"," "," "," "," ","Blenheim Pharmacal, Inc."," "," "," "," "," ","N/A"," "," ","N/A","N/A","N/A"," "
"Nabumetone (U)","10544-273-60"," "," "," "," ","Blenheim Pharmacal, Inc."," "," "," "," "," ","N/A"," "," ","N/A","N/A","N/A"," "
"Nabumetone (U)","10544-003-60"," "," "," "," ","Blenheim Pharmacal, Inc."," "," "," "," "," ","N/A"," "," ","N/A","N/A","N/A"," "
"Nabumetone (U)","10544-003-90"," "," "," "," ","Blenheim Pharmacal, Inc."," "," "," "," "," ","N/A"," "," ","N/A","N/A","N/A"," "
"NABUMETONE (U)","61919-159-90"," "," "," "," ","DIRECT RX"," "," "," "," "," ","N/A"," "," ","N/A","N/A","N/A"," "
"NABUMETONE (U)","61919-159-30"," "," "," "," ","Direct Rx"," "," "," "," "," ","N/A"," "," ","N/A","N/A","N/A"," "
"Nabumetone (U)","52959-650-00"," "," "," "," ","H.J. Harkins Company, Inc."," "," "," "," "," ","N/A"," "," ","N/A","N/A","N/A"," "
"Nabumetone (U)","52959-650-14"," "," "," "," ","H.J. Harkins Company, Inc."," "," "," "," "," ","N/A"," "," ","N/A","N/A","N/A"," "
"Nabumetone (U)","52959-650-20"," "," "," "," ","H.J. Harkins Company, Inc."," "," "," "," "," ","N/A"," "," ","N/A","N/A","N/A"," "
"Nabumetone (U)","52959-650-28"," "," "," "," ","H.J. Harkins Company, Inc."," "," "," "," "," ","N/A"," "," ","N/A","N/A","N/A"," "
"Nabumetone (U)","52959-650-30"," "," "," "," ","H.J. Harkins Company, Inc."," "," "," "," "," ","N/A"," "," ","N/A","N/A","N/A"," "
"Nabumetone (U)","52959-650-40"," "," "," "," ","H.J. Harkins Company, Inc."," "," "," "," "," ","N/A"," "," ","N/A","N/A","N/A"," "
"Nabumetone (U)","52959-650-42"," "," "," "," ","H.J. Harkins Company, Inc."," "," "," "," "," ","N/A"," "," ","N/A","N/A","N/A"," "
"Nabumetone (U)","52959-650-60"," "," "," "," ","H.J. Harkins Company, Inc."," "," "," "," "," ","N/A"," "," ","N/A","N/A","N/A"," "
"Nabumetone (U)","52959-650-90"," "," "," "," ","H.J. Harkins Company, Inc."," "," "," "," "," ","N/A"," "," ","N/A","N/A","N/A"," "
"Nabumetone (U)","33358-251-60"," "," "," "," ","RxChange Co."," "," "," "," "," ","N/A"," "," ","N/A","N/A","N/A"," "
"NABUMETONE (U)","61919-668-60"," "," "," "," ","DIRECT RX"," "," "," "," "," ","N/A"," "," ","N/A","N/A","N/A"," "
"Nabumetone (U)","52959-656-90"," "," "," "," ","H.J. Harkins Company, Inc."," "," "," "," "," ","N/A"," "," ","N/A","N/A","N/A"," "
"Nabumetone (U)","33358-252-60"," "," "," "," ","RxChange Co."," "," "," "," "," ","N/A"," "," ","N/A","N/A","N/A"," "
"NuDroxiPAK N-500","70859-032-01","","KIT","","ANDA078671","NuCare Pharmaceuticals,Inc.","70859-032","Nabumetone,Methyl Salicylate/Menthol/Capsaicin","","HUMAN PRESCRIPTION DRUG","03/16/2018","N/A","ANDA","1 KIT in 1 CARTON (70859-032-01)  *  1 CONTAINER in 1 CARTON (70859-028-03)  > 90 mL in 1 CONTAINER *  100 TABLET, FILM COATED in 1 BOTTLE (68462-358-01)","N/A","N/A","No","12/31/2019"